{"courseType":"v2.ondemand","description":"In this course, the second in the Geographic Information Systems (GIS) Specialization, you will go in-depth with common data types (such as raster and vector data), structures, quality and storage during four week-long modules: \n\nWeek 1: Learn about data models and formats, including a full understanding of vector data and raster concepts. You will also learn about the implications of a data’s scale and how to load layers from web services. \n\nWeek 2: Create a vector data model by using vector attribute tables, writing query strings, defining queries, and adding and calculating fields. You'll also learn how to create new data through the process of digitizing and you'll use the built-in Editor tools in ArcGIS.\n\nWeek 3: Learn about common data storage mechanisms within GIS, including geodatabases and shapefiles. Learn how to choose between them for your projects and how to optimize them for speed and size. You'll also work with rasters for the first time, using digital elevation models and creating slope and distance analysis products.\n\nWeek 4: Explore datasets and assess them for quality and uncertainty.  You will also learn how to bring your maps and data to the Internet and create web maps quickly with ArcGIS Online.\n\nTake GIS Data Formats, Design and Quality as a standalone course or as part of the Geographic Information Systems (GIS) Specialization. You should have equivalent experience to completing the first course in this specialization, Fundamentals of GIS, before taking this course. By completing the second class in the Specialization you will gain the skills needed to succeed in the full program.","id":"qqP6hnElEeWi0g6YoSAL-w","slug":"gis-data","instructorIds":["1460655"],"specializations":[],"partnerIds":["83"],"name":"GIS Data Formats, Design and Quality"}