{"courseType":"v2.ondemand","description":"Курс посвящен изучению макроэкономических вопросов, таких как долгосрочный рост, циклические колебания экономики и стабилизационная политика государства.\n\nЦелью курса является знакомство слушателей с основными понятиями макроэкономики, с базовыми моделями и принципами, которые используются при анализе текущего состояния экономики той или иной страны, что позволит самостоятельно ориентироваться в происходящих процессах и явлениях, а также проводить оценку эффективности и необходимости проводимой государством макроэкономической политики.\n\nДанный курс покрывает на базовом уровне все основные темы макроэкономики. Примерно две трети курса посвящены анализу общего равновесия на рынках труда, заемных средств, финансовых, денежных, товарных рынках, а также международных потоков капитала. Изучается долгосрочный экономический рост, идущий за счет накопления капитальных мощностей и технического прогресса.  Вторая часть курса посвящена изучению природы краткосрочных колебаний вокруг долгосрочной траектории роста, таким как финансовый кризис и мировая рецессия 2008-2009 годов. Обсуждаются причины подобных спадов, а также оптимальная стабилизационная политика государства, призванная либо предотвращать подобные катаклизмы, либо сглаживать последствия от них.\n\nДля успешного прохождения курса желательно (но не обязательно) иметь базовые знания по микроэкономике.","id":"1npjqJPKEeWF6gpQJiw6hQ","slug":"makrojekonomika","instructorIds":["5193603"],"specializations":[],"partnerIds":["160"],"name":"Макроэкономика (Macroeconomics)"}