{"courseType":"v2.ondemand","description":"In this course, application developers learn how to design and develop cloud-native applications that seamlessly integrate components from the Google Cloud ecosystem. Through a combination of presentations, demos, and hands-on labs, participants learn how to apply best practices for application development and use the appropriate GCP storage services for object storage, relational data, caching, and analytics.","id":"OpMk9L5nEeepKw4CZoGWJA","slug":"getting-started-app-development","instructorIds":["22997770"],"specializations":[],"partnerIds":["443"],"name":"Getting Started With Application Development"}