{"courseType":"v2.ondemand","description":"In your previous 2 courses, you learned some medical interventions and skills to keep newborns healthy in the days and weeks after they have been born.  In this course, you will learn some key things that parents will need to do to keep their babies safe and healthy.  The Guidance to Keep Newborn Babies Safe and Healthy Course will teach you best practices for how your baby will spend most of their day: eating, sleeping, and sometimes crying.  Parents need to understand how to optimize nutrition, how to create a safe and happy sleep environment, how to safely transport their baby in their car, and how to respond to their baby’s crying. \n \nA newborn baby is an amazing beautiful life filled with hope.  There is so much that goes into making sure that babies are born healthy, and so much more to think about after they are born.  Whether you are in the health care field, or even a parent, this course is the perfect educational opportunity for you to keep newborn babies healthy in the days and weeks after they are born!","id":"HTR8EGOBEeiNugquZebGCg","slug":"keeping-newborn-baby-safe-healthy","instructorIds":["38024877","38049825","4700420"],"specializations":[],"partnerIds":["126"],"name":"Guidance to Keep Newborn Babies Safe and Healthy"}