{"courseType":"v2.ondemand","description":"This course provides an introduction to International Organizations and the United Nations, and explores how business and management tools can be applied in these settings to achieve better, more effective results. With a focus on cross-sector partnerships in a changing world, the course offers you insights into the inner workings of international organizations and the challenges they face today. It will introduce you to effective, state-of-the art management tools and principles to help you lead change in this world – taught by senior staff of international organizations themselves. \n\nThis is an introductory course offered by the International Organizations MBA (IO-MBA) of the University of Geneva, an executive program for change-makers in international organizations, NGOs and social ventures.","id":"kw2eEcR8EeWUVgrPm5MRqw","slug":"international-organizations-management","instructorIds":["2683483","2643705","2672304","4326899","5326990","2249278","10543669","29702535","19500656"],"specializations":[],"partnerIds":["49"],"name":"International Organizations Management "}