{"courseType":"v2.ondemand","description":"Unlike traditional relational database management systems, NoSQL databases are capable of storing unstructured data. They therefore not only meet the performance, scalability, and flexibility needs that data-intensive applications require but are essential to big data processing. This course covers main NoSQL data management systems topics such as key-value stores, graph databases, and document databases.","id":"u-jrBc4yEee-FRJJUV_rRg","slug":"nosql-database-systems","instructorIds":["29609810"],"specializations":[],"partnerIds":["287"],"name":"NoSQL Database Systems"}