{"courseType":"v2.ondemand","description":"Gain an understanding of search engine algorithms and how they affect organic search results and websites. Building on this knowledge, you’ll learn the key elements for creating an effective SEO strategy, including how to select keywords and perform keyword research; consumer psychology and search behavior; and how to conduct on-page SEO analysis to identify opportunities to improve a website’s search optimization.","id":"SG_K6nEmEeWxvQr3acyajw","slug":"seo-fundamentals","instructorIds":["15780877"],"specializations":[],"partnerIds":["83"],"name":"Search Engine Optimization Fundamentals"}