{"courseType":"v2.ondemand","description":"This course introduces students to strategies for style writing of common practice European art music.  The issues of harmonic progression, voice leading, and texture are addressed in addition to relevant compositional concepts like repetition, variation, and elaboration.  The course aims to offer a creative space even within the restrictions of stylistic emulation.","id":"fjjF0gVfEeW0KyIACxqWIg","slug":"classical-composition","instructorIds":["2683051"],"specializations":[],"partnerIds":["47"],"name":"Write Like Mozart: An Introduction to Classical Music Composition"}