{"courseType":"v2.ondemand","description":"This course empowers learners to develop image processing programs and leverage MATLAB functionalities to implement sophisticated image applications. It provides a rich explanation of the fundamentals of computer vision’s lower- and mid-level tasks by examining several principle approaches and their historical roots. By the end of the course, learners are prepared to analyze images in frequency domain. Topics include image filters, image features and matching, and image segmentation.   \n\nThis course is ideal for anyone curious about or interested in exploring the concepts of computer vision. It is also useful for those who desire a refresher course in mathematical concepts of computer vision. Learners should have basic programming skills and experience (understanding of for loops, if/else statements), specifically in MATLAB (Mathworks provides the basics here: https://www.mathworks.com/learn/tutorials/matlab-onramp.html).  Learners should also be familiar with the following: basic linear algebra (matrix vector operations and notation), 3D co-ordinate systems and transformations, basic calculus (derivatives and integration) and basic probability (random variables).   \n  \nMaterial includes online lectures, videos, demos, hands-on exercises, project work, readings and discussions. Learners gain experience writing computer vision programs through online labs using MATLAB* and supporting toolboxes.\n\nThis is the second course in the Computer Vision specialization that lays the groundwork necessary for designing sophisticated vision applications. To learn more about the specialization, check out a video overview at https://youtu.be/OfxVUSCPXd0. \n\n * A free license to install MATLAB for the duration of the course is available from MathWorks.","id":"8eK9iu-_EeeCjgp4IdClkg","slug":"computervision-imageprocessing","instructorIds":["30951525","33716827"],"specializations":[],"partnerIds":["458","117"],"name":"Image Processing, Features & Segmentation"}