{"courseType":"v2.ondemand","description":"This course teached the basics of urban planning in Africa through technical, environmental, social and economical dimensions.\n\nIt focuses on African cities only. Although, they exemplify well cities in the Global South, and potentially all cities, we will make the African context highly topical.\n\nThe course is provided by the Urban and Regional community at the Swiss Federal Insitute of Technology in Lausanne (EPFL). More information can be found here https://ceat.epfl.ch/","id":"1vZ1g32lEeWb-BLhFdaGww","slug":"african-cities1","instructorIds":["3959836","24640357"],"specializations":[],"partnerIds":["16"],"name":"African cities : An Introduction to Urban Planning"}