{"courseType":"v2.ondemand","description":"La progresiva toma de conciencia sobre la interrelación entre los procesos de desarrollo y la sostenibilidad del medioambiente en Latinoamérica, hacen necesarios incursionar en los conocimientos de disciplinas básicas ambientales como:  Biología, Química, Física y Estadísticas. \n\nLos objetivos de la introducción a la Biología tienen como fines entre otros:\n1. Conocer la constitución de la materia viva;\n2. Estudiar la organización de los distintos seres vivos;\n3. Estudiar las funciones que éstos realizan.\n\nTambién se incursiona en los fundamentos de Física y Química, ambas desde hace tiempo muy relacionadas entre sí, mencionando como ejemplo que, en 1827, el francés Fourier observó en particular el dióxido de carbono, retenía\nel calor atmosférico. Más tarde en 1903 el físico sueco Arrhenius, construyó la teoría general del efecto invernadero del calentamiento planetario. Esto nos muestra que Física, Química y Medio Ambiente mantienen una fructífera colaboración, que dura hasta nuestros días.\n\nFinalmente cabe destacar que fue necesario también incorporar la más nueva; las Estadísticas Ambientales, incorporada en nuestra región después de la “Convención Sobre Acceso a la Información, Participación del Público en la Toma de Decisiones y el Acceso a la Justicia en Asuntos Ambientales” o conocida también como Convención de Aarhus (1999).\nEsta disciplina, fundamentalmente, ha contribuido a sistemas nacionales de información ambiental, indicadores ambientales y de sostenibilidad.","id":"wcI0sGthEeie_A7s9jKvQg","slug":"conceptos-estudio-del-medio-ambiente","instructorIds":["34317018","34317002","34316859","34317030","34317045"],"specializations":[],"partnerIds":["350"],"name":"Conceptos base para el estudio del medio ambiente"}