{"courseType":"v2.ondemand","description":"التحول الرقمي موضوع مثير للاهتمام، ولكن ماذا يُقصد به بالضبط؟ وماذا يعني للشركات؟ في هذه الدورة التدريبيّة، نتحدث عن التحوّل الرقمي بطريقتين. أولًا، نناقش وتيرة التغيّر والضرورة التي يفرضها لنجاح الأعمال. ثم نقدّم سياق هذا التحوّل وما الذي يحتاج إليه لتحقيق النجاح في عصر التكنولوجيا الرقمية. وبعد ذلك، نستعرض إطار ملكية مجموعة بوسطن الاستشارية (BCG)، الذي يساعدك في تحديد المجالات الرئيسية التي يُمكن تحويلها إلى الصيغ الرقمية، ومنها الاستراتيجية، والعمليات الأساسية، والتكنولوجيا. \n\nبنهاية هذه الدورة التدريبيّة، ستتمكّن من:\n--وصف علم الاقتصاد الذي يرتكز عليه الإبداع، والتكنولوجيا، واضطراب السوق\n--تقييم مزايا التكنولوجيا الرقمية الحالية التي تدفع التقدُّم وعيوبها\n--استخدام إطار مجموعة بوسطن الاستشارية (BCG) للتحوّل الرقمي كمرجع \"\"لكيفية\"\" التحوّل الرقمي لمنظمتك","id":"pzHUPOIDEeinRwpDc_MQBg","slug":"bcg-uva-darden-digital-transformation-ar","instructorIds":["1400787","3401752","22583591","14206443"],"specializations":[],"partnerIds":["345","18"],"name":"التحوّل الرقمي"}