{"courseType":"v2.ondemand","description":"The success of every organization depends on attracting and retaining customers. Although the marketing concepts for doing so are well established, digital technology has empowered customers, while producing massive amounts of data, revolutionizing the processes through which organizations attract and retain customers. In this course, students will learn how to identify new opportunities to create value for empowered consumers, develop strategies that yield an advantage over rivals, and develop the data science skills to lead more effectively, allocate resources, and to confront this very challenging environment with confidence.","id":"VlLC102NEeWEHRLwpfV5DQ","slug":"leadership-marketing","instructorIds":["15267349","15325853","15306259"],"specializations":[],"partnerIds":["54"],"name":"Leadership Through Marketing"}