{"courseType":"v2.ondemand","description":"Les collectivités territoriales et les services de l'Etat sont confrontés à de multiples enjeux : crise des finances publiques, augmentation des dépenses sociales, défiance croissante des administrés, concurrence des solutions proposées par des communautés numériques très agiles.\nLa bonne nouvelle, c'est que des solutions existent pour faire mieux avec moins ! L'innovation publique, c'est possible grâce aux apports de ce que l'on appelle la pensée design, qui permet de repenser le service offert à l'usager.\n\nCe MOOC a été réalisé en partenariat avec le Conseil départemental du Val d'Oise, pionnier dans la mise en oeuvre de ces approches. Son originalité ? Nous vous proposons une expérience d’apprentissage très riche basée à la fois sur l'expertise de spécialistes du sujet et sur l'expérience de nombreux acteurs publics de terrain, qui mettent en œuvre cette approche et apportent leur témoignage dans les différents modules.\n\nNotre objectif ? Vous donner les compétences pour coordonner un projet d'innovation publique s’appuyant sur une approche design de service, quels que soient le domaine et le contexte dans lesquels vous travaillez.\n\nBienvenue dans ce MOOC !\nThierry Sibieude et l'équipe pédagogique","id":"V4tUmw1rEeei4BLIS97yDA","slug":"innovation-publique-pensee-design","instructorIds":["12799868"],"specializations":[],"partnerIds":["223"],"name":"Innovation publique et pensée design, l'innovation sociale au service des territoires"}