{"courseType":"v2.ondemand","description":"Este curso te presenta técnicas que permiten  entender las ventajas del pensamiento divergente (creativo) como una habilidad fundamental en la solución de problemas. Revisa, también, la metodología para manejar estilos participativos en la toma de decisiones asegurando la efectividad de las mismas y la aceptación por parte del personal al ser tomado en cuenta.","id":"Q_W9Aw5BEea7axIlQHzY1Q","slug":"soluciondeproblemas","instructorIds":["17762797","7433002"],"specializations":[],"partnerIds":["58"],"name":"Solución de problemas y toma de decisiones"}