{"courseType":"v2.ondemand","description":"This course will be an overview of a development of the theological methods in relation to Korea’s cultural context. Completing the course, the learners can understand cultural influences on the dynamic development of Korean churches and indigenous theology; they can also gain an insight into their own image of God and theological imagination in their own cultural context.","id":"wZLY9v_sEeaQOwqEAIyfQg","slug":"god-korean-context","instructorIds":["24214308"],"specializations":[],"partnerIds":["220"],"name":"Re-imaging God in Korean Context"}