{"courseType":"v2.ondemand","description":"In this course, you’ll learn the key components of modern-day investment strategies which utilize fintech. Professors Natasha Sarin and Chris Geczy  of the Wharton School have designed this course to help you understand the complex structure of  payment methods and financial regulations, so you can determine how fintech plays a role in the future of investing. Through analysis of robo-advising and changing demographic forces, you’ll learn how basic elements of trust underlie complex choice architecture in investments and impact investing. You’ll also explore payment methodologies and how fintech is emerging as an entrepreneurial solution to both investments and payment systems. By the end of this course, you’ll be able to identify different financial technologies, and understand the dynamic between the innovations and regulations,  and  employ best practices in developing a fintech strategy for yourself or your business. No prerequisites are required for this course, although a basic understanding of credit cards and other payment methods is helpful.","id":"Ux2WtmBXEemE2Q6eJy4pcg","slug":"wharton-fintech-overview-payments-regulations","instructorIds":["14265595","41845090"],"specializations":[],"partnerIds":["6"],"name":"FinTech: Foundations, Payments, and Regulations"}