{"courseType":"v2.ondemand","description":"Want to know how to query and process petabytes of data in seconds? Curious about data analysis that scales automatically as your data grows? Welcome to the Data Insights course!\n\nThis 1-week, accelerated online course teaches participants how to derive insights through data analysis and visualization using the Google Cloud Platform. The course features interactive scenarios and hands-on labs where participants explore, mine, load, visualize, and extract insights from diverse Google BigQuery datasets. The course covers data loading, querying, schema modeling, optimizing performance, query pricing,  and data visualization.\n\nPREREQUISITES\nTo get the most out of this course, participants must complete the prior courses in this specialization:\n• Exploring and Preparing your Data\n• Storing and Visualizing your Data\n• Architecture and Performance\n\n>>> By enrolling in this specialization you agree to the Qwiklabs Terms of Service as set out in the FAQ and located at: https://qwiklabs.com/terms_of_service <<<","id":"T_e2Fp5sEeehoxIgNgFKoA","slug":"data-insights-gcp-apply-ml","instructorIds":["22997770"],"specializations":[],"partnerIds":["443"],"name":"Applying Machine Learning to your Data with GCP"}