{"courseType":"v2.ondemand","description":"Почему возникают разногласия?\nМожно ли прожить без конфликтов?\nКак действовать в ситуации конфликта?\nДать ответы на эти вопросы - сущностное требование современности.\nОтветы интересны как домохозяйке,  так и руководителю крупного предприятия. Трудные ситуации взаимодействия могут возникнуть дома, на улице, в офисе, в студенческой среде, при большом скоплении народа. Мы не застрахованы от стрессоров, обстоятельств и людей, ввергающих нас в конфликтные отношения. Наш курс подскажет, как превращать нежелательные явления жизни в полезный опыт и получать удовольствие от общения и как помогать другим предотвращать и разрешать конфликты.\n\nВ результате обучения слушатели смогут:\n- сформировать позитивное отношение к конфликтам;\n- использовать структуру конфликта при диагностике ситуации;\n- овладеть тремя техниками, позволяющими быть готовым к трудным ситуациям;\n- выявлять причины внутриличностных конфликтов через представление гуманистической, поведенческой и психоаналитической психологии;\n- делать выбор осознанно;\n- применять диагностические методы конфликта  на практике;\n- научиться анализировать семейные конфликты и выбирать адекватные стратегии поведения;\n- выявлять и корректировать факторы, влияющие на развитие организационных конфликтов.\n- развить  способность управлять своими конфликтами, благодаря сформированной конфликтологической компетентности;\n- повысить качество личной и профессиональной жизни.\n\nСертификат о прохождении данного курса дает дополнительные баллы при поступлении в магистратуру Национального исследовательского Томского государственного университета. Перечень магистерских программ находится по ссылке: https://pro-online.tsu.ru/edu/student/table.php","id":"QdHw-bjSEee9Dw6zl3J7sA","slug":"conflict-resolution","instructorIds":["31020479"],"specializations":[],"partnerIds":["276"],"name":"Практика разрешения конфликтов. Я - семья - работа - общество"}