{"courseType":"v2.ondemand","description":"This course focuses on technical, mobile and social strategies for increasing site traffic. Learn how to build SEO for international audiences through content localization, global team alignment and optimizing for local search engines. Discover techniques to optimize mobile-friendly websites, get mobile apps discovered, and leverage social media to drive organic SEO traffic.  You will also learn how to identify key SEO metrics and collect, interpret, validate, and report success to your clients and stakeholders.","id":"9h_j5XEiEeWbbw5cIAKQrw","slug":"seo-strategies","instructorIds":["15566828"],"specializations":[],"partnerIds":["83"],"name":"Advanced Search Engine Optimization Strategies"}