{"courseType":"v2.ondemand","description":"Whenever the word “accounting” is pronounced, it is immediately associated with the need to memorize endless boring numbers. However, it is the common financial statements that contain important information that provides inputs for valuation of investment projects. The only challenge is how to properly extract them.\n\nAccounting and finance are indeed intertwined. Sometimes people that are not experienced in the area even mix them up. But most often emphasis in accounting is on numbers. Still, the deep understanding of key accounting concepts helps reveal the interests and actions of people behind these numbers. And the human dimension of accounting adds invaluable insight in the potential of successful project implementation.\n\nThis Course discusses core ideas and concepts of both financial and managerial accounting. It by no means pretends to be comprehensive to any extent. But, being rather an accounting overview, it focuses on the issues that are most relevant and important for effective valuation of investment projects.\n\nThe learners will gain insight into the essence of accounting. They will be able to use the obtained knowledge and skills to successfully advance in their career at a financial institution, as well as in the area of financial management at non-financial businesses. To pursue a career in accounting, a more detailed study is strongly recommended.","id":"8TCvZb_yEee38Ap8P6cP0A","slug":"core-concepts-of-accounting","instructorIds":["17533334"],"specializations":[],"partnerIds":["176","440"],"name":"Core Concepts of Accounting – Numbers and People"}