{"courseType":"v2.ondemand","description":"This course explores the analysis and design of beam bending problems.\nPrerequisite Knowledge: You will need to have successfully completed my earlier course “Mechanics of Materials I:  Fundamentals of Stress and Strain and Axial Loading” in order to be successful in this course\n\n-------------------------------------------------\nThe copyright of all content and materials in this course are owned by either the Georgia Tech Research Corporation or Dr. Wayne Whiteman. By participating in the course or using the content or materials, whether in whole or in part, you agree that you may download and use any content and/or material in this course for your own personal, non-commercial use only in a manner consistent with a student of any academic course. Any other use of the content and materials, including use by other academic universities or entities, is prohibited without express written permission of the Georgia Tech Research Corporation. Interested parties may contact Dr. Wayne Whiteman directly for information regarding the procedure to obtain a non-exclusive license.","id":"bU8nHhtHEeWo5g5SXpDA8Q","slug":"beam-bending","instructorIds":["1900891"],"specializations":[],"partnerIds":["9"],"name":"Mechanics of Materials III: Beam Bending"}