{"courseType":"v2.ondemand","description":"Accounting Analytics explores how financial statement data and non-financial metrics can be linked to financial performance.  In this course, taught by Wharton’s acclaimed accounting professors, you’ll learn how data is used to assess what drives financial performance and to forecast future financial scenarios. While many accounting and financial organizations deliver data, accounting analytics deploys that data to deliver insight, and this course will explore the many areas in which accounting data provides insight into other business areas including consumer behavior predictions, corporate strategy, risk management, optimization, and more. By the end of this course, you’ll understand how financial data and non-financial data interact to forecast events, optimize operations, and determine strategy. This course has been designed to help you make better business decisions about the emerging roles of accounting analytics, so that you can apply what you’ve learned to make your own business decisions and create strategy using financial data. ","id":"rc5KG0aUEeWG1w6arGoEIQ","slug":"accounting-analytics","instructorIds":["1937011","14757138"],"specializations":[],"partnerIds":["6"],"name":"Accounting Analytics"}