{"courseType":"v2.ondemand","description":"Працюйте розумніше, а не більше\nВи зможете здобути і застосувати ваші знання та розуміння особистої та професійної обізнаності, організованості та виконання зобов’язань, а також використовувати інструменти, методи та прийоми, про які ви дізналися, для постановки цілей та пріоритетів, планування та делегування для подолання управлінських викликів та покращення продуктивності. \n\nThis course is translated by the Ukrainian mobile network operator, lifecell.","id":"t2hchZe2EeWjfxIrc5BW9Q","slug":"upravlinnya-chasom","instructorIds":["9772840"],"specializations":[],"partnerIds":["30"],"name":"Працюйте розумніше, а не більше: управління часом для особистої та професійної продуктивності"}