{"courseType":"v2.ondemand","description":"En este curso, el participante identificará entre una reacción adversa al medicamento, un evento temporalmente asociado a vacunas y las consecuencias adversas de las tecnologías médicas. Se busca la mejora de la seguridad del paciente al disminuir el riesgo de pérdida de la visión o afecciones oculares secundarias a través de la valoración del caso y la aplicación de técnicas diagnósticas oculares. La farmacovigilancia ocular es una actividad que puede realizar cualquier profesional de la salud, en el entendido de que busca la efectividad del fármaco y el seguimiento de problemas comunes poco identificados en la población, los cuales dependen de las potenciales interacciones medicamentosas (fármaco-fármaco, fármaco-alimento, fármaco-planta medicinal). \n\nAl término del curso:\n\n•\tPromoverás la actividad de identificación y notificación de reacciones adversas a medicamentos (RAM), eventos temporalmente asociados a vacunas (ESAVI), y consecuencias del uso de dispositivos médicos (tecnovigilancia).","id":"0Xg4lafrEei_eQ4B5e75qA","slug":"farmacovigilancia-ocular","instructorIds":["36502662","3459762","37042443"],"specializations":[],"partnerIds":["58"],"name":"Farmacovigilancia ocular"}