{"courseType":"v2.ondemand","description":"In this course, you will learn how to design assessments around the needs of your ELL students and their language level.  You will learn how to incorporate language and content requirements for both formative and summative assessment types. You will learn to assess your ELL students through the use of project and task-based assignments.  You will learn to use and modify rubrics to align to and measure student achievement of your language and content learning objectives.  The course will also briefly cover strategies for supporting ELL students during standardized testing. \n\nUpon completing this course, you will be able to:\n    * Conceptualize theories of authentic assessment as they apply to second language learners\n    * Design formative assessment types incorporating language and content objectives\n    * Design summative assessment types incorporating language and content objectives\n    * Incorporate project and task-based assignments as assessment tools for ELLs\n    * Design rubrics that align to language and content objectives for your ELL(s)\n    * Apply the use of rubrics, both language and content, to the work of your ELL(s). \n    * Support your ELL(s)  as they participate in standardized testing","id":"gttJnUtZEeW4rRLEP0z9Bw","slug":"ell-assessment","instructorIds":["12746403","7942296"],"specializations":[],"partnerIds":["287"],"name":"Assessing Achievement with the ELL in Mind"}