{"courseType":"v2.ondemand","description":"社会调查与研究方法，\n首先，是一套观察社会现象、测量社会现象的工具；\n其次，是一套分析和运用社会现象数据的科学方法；\n最高境界，则是一套针对社会、经济、教育、政治、法律、管理、公共卫生、新闻报道等人类的生产与生活现象，进行科学沟通的思维逻辑与表达方式。","id":"IEE-83HuEeWi0g6YoSAL-w","slug":"shehu-yanjiu-fangfa","instructorIds":["4517421"],"specializations":[],"partnerIds":["163"],"name":"社会调查与研究方法 （上）Methodologies in Social Research (Part I)"}