{"courseType":"v2.ondemand","description":"Мир сильно изменился с тех времен, когда люди общались между собою с помощью писем на бумаге и с помощью голоса, теперь все мы, расставляем кому-то сети отношений и попадаем в них сами, все мы отныне живем в Сети Глобальной паутины.\nВ этом новом мире сетей старые приемы налаживания отношений не работают: журналистов печатных изданий не читают в бумажном варианте, маркетологи, делающие ставку только на офлайн-работу, разоряют компании, пиарщики и рекламисты лишаются офлайн-аудитории, HR-специалист, не умеющий работать в сетях, не получает достоверной информации о своих кандидатах.\nЕдинственный выход для профессионала: идти в Сеть, «ищите и обрящете»!\n\nНаш курс поможет вам узнать:\n1.\tКакие сети существуют и как меняется психология «человека виртуально-сетевого».\n2.\tПочему блоггеры испытывают от своей деятельности блОженство и что такое гражданская журналистика.\n3.\tКак работает френд-бизнес и как компании делают из потребителей союзников, советчиков и сотрудников.\n4.\tКак найти работу или работника в Сети.\n5.\tКак организовать виртуальную вечеринку или виртуальный конкурс.\n\nСертификат о прохождении данного курса дает дополнительные баллы при поступлении в магистратуру Национального исследовательского Томского государственного университета. Перечень магистерских программ находится по ссылке: https://pro-online.tsu.ru/edu/student/table.php","id":"WGJsi1UuEeWaMw4b4yEpbw","slug":"sotsialnaya-set","instructorIds":["14854280","14943847","14948591"],"specializations":[],"partnerIds":["276"],"name":"«Ловцы человеков» или социальные сети в медиа, бизнесе, рекрутинге и образовании"}