{"courseType":"v2.ondemand","description":"System Validation is the field that studies the fundamentals of system communication and information processing. It allows automated analysis based on behavioural models of a system to see if a system works correctly. We want to guarantee that the systems does exactly what it is supposed to do. The techniques put forward in system validation allow to prove the absence of errors. It allows to design embedded system behaviour that is structurally sound and as a side effect enforces you to make the behaviour simple and insightful. This means that the systems are not only behaving correctly, but are also much easier to maintain and adapt. ’Modeling Software Protocols, and other behaviour' demonstrates the power of formal methods in software modelling, communication protocols, and other examples. Reading material. J.F. Groote and M.R. Mousavi. Modeling and analysis of communicating systems. The MIT Press, 2014.","id":"KdOvri-GEeWl3A7Kuc0JCQ","slug":"system-validation-software-protocols","instructorIds":["10163079"],"specializations":[],"partnerIds":["253"],"name":"System Validation (4): Modelling Software, Protocols, and other behaviour"}