{"courseType":"v2.ondemand","description":"¿Sientes curiosidad por la civilización del antiguo Egipto? ¿Eres un apasionado de su cultura e historia?\n\nEn este curso nos acercaremos a los templos de los antiguos faraones, a sus complejos funerarios, a sus ciudades, a su escritura jeroglífica, a su religión y a muchos otros aspectos de esta gran civilización. Con ello pretendemos ofrecerte una visión general de la historia y cultura de esta fascinante civilización; proporcionarte un planteamiento docente y unos materiales de alto nivel académico que te permitan introducirte en la disciplina egiptológica con una cierta profundidad y sin concesiones a los consabidos tópicos que la rodean, para, después, si lo deseas, seguir profundizando por tu cuenta. \n\nDe momento te dejamos con este vídeo: https://youtu.be/FPPhkYxWvfI\n\n¿Querrías acompañarnos en este viaje?\n\nACLARACIONES\n* Puedes realizar el curso de manera gratuita. Con ello puedes acceder a todo los contenidos (vídeos, lecturas, cuestionarios, foros). Sin embargo, no permite la opción de obtener un certificado. \n* Obtener el certificado implica cumplir una serie de requisitos, entre los cuales, abonar el coste asociado.\n\nEtiquetas: egiptología, egyptology","id":"OPehmvpeEeSTISIAC3lNCw","slug":"egypt","instructorIds":["2690314","2690319"],"specializations":[],"partnerIds":["80"],"name":"Egiptología (Egyptology)"}