{"courseType":"v2.ondemand","description":"Developed by David Owens at Vanderbilt University and customized for the cultural sector with National Arts Strategies, this course is designed to help arts and culture leaders create an environment where new ideas are constantly created, shared, evaluated and the best ones are successfully put to work.\n\nOne of the toughest challenges for any leader is getting traction for new ideas. Winning support can be a struggle. As a result, powerful new ideas often get stuck. This is especially true in the cultural sector. People involved in arts and culture often have little time and even less money for experimentation and risks. This course will help those in the performing arts, museums, zoos, libraries and other cultural organizations build environments where new management and program ideas flourish.\n\nLeading Innovation in Arts & Culture will teach you how to make an \"innovation strategy\" a fundamental component of your organization's overall strategy. In this seminar you will learn to:\n\n- Analyze constraints on innovation in your organization, foresee obstacles and opportunities, and develop a shared vision\n- Develop a process to manage the demands of multiple stakeholders, shifting priorities and the uncertainty inherent in new initiatives\n- Create a culture for innovation and risk-taking that generates new perspectives and challenges existing practice\n- Create a strong customer focus within your organization that anticipates customer needs\n\nNational Arts Strategies worked with David Owens to customize this course for those working in the cultural sector. They based their work on David Owens’ Leading Strategic Innovation in Organizations course. This highly interactive 8-week course will engage you in a series of class discussions and exercises.","id":"oHkr8bWNEeW2iwpbOuagWQ","slug":"arts-culture-innovation","instructorIds":["1330818","6859544"],"specializations":[],"partnerIds":["37","227"],"name":"Leading Innovation in Arts and Culture"}