{"courseType":"v2.ondemand","description":"In this course, you will learn how to use strategic marketing and personal branding techniques for designing, enhancing, and promoting your professional image. Acting as \"your own Chief Executive Officer\" (P. Drucker), you will learn how to use relationship and network marketing and impression management to showcase your skills to prospective employers, colleagues, supervisors, and other interested parties. This course will help you to:\n\n- Recognize the importance of marketing orientation and career brand building for your career development; use marketing communication strategies for your self-marketing;\n\n- Implement strategic marketing planning for your career development and engage in creating your own strategic self-marketing plan;\n\n- Devise strategies for managing your professional reputation; begin creating your personal brand, and plan steps for strategic personal branding;\n\n- Create personal branding statements, and integrate social networking into your career branding;\n\n- Refine your self-management information system to systematically collect and analyze self-marketing and personal branding related data, select appropriate tools and apply them for a thorough, accurate, evidence-based and data driven self-assessment of your self-marketing and personal branding skills;\n\n- Develop and implement an effective instrument for displaying your artifacts and monitoring your marketing communications strategies (\"The Showcaser\") and a realistic performance metric for evaluating your career brand building activities (\"The Career Brand Equity Builder\").","id":"DPSL2G03EeWyAQ6K5KeLkw","slug":"self-marketing","instructorIds":["7581768","7850590","7824266","9026100","9775195"],"specializations":[],"partnerIds":["117"],"name":"Strategic Self-Marketing and Personal Branding"}