{"courseType":"v2.ondemand","description":"Las ciudades se han convertido en un foco de interés preferente para el análisis de políticas públicas. Con una concentración de personas cada vez mayor viviendo en contextos urbanos, las ciudades son hoy el escenario de un apasionante cambio de época que afecta la esfera social, política, económica y tecnológica ¿A qué nos referimos cuando hablamos de políticas urbanas y qué las distingue de otros ámbitos de las políticas públicas? ¿Cuáles son los principales factores de vulnerabilidad urbana y qué respuestas se están articulando en forma de políticas urbanas? ¿Cómo surge la innovación en la ciudad, tanto desde la base como desde las administraciones públicas? Y, finalmente, ¿qué efectos ha tenido la irrupción de la era digital en la ciudad?","id":"zAY7p_qzEeeisRLElbyZ5g","slug":"ciudades-politicas-urbanas","instructorIds":["7575382","6733856","31340894"],"specializations":[],"partnerIds":["80"],"name":"Ciudades en crisis y nuevas políticas urbanas"}