{"courseType":"v2.ondemand","description":"The art of uncovering the insights and trends in data has been around since ancient times. The ancient Egyptians used census data to increase efficiency in tax collection and they accurately predicted the flooding of the Nile river every year. Since then, people working in data science have carved out a unique and distinct field for the work they do. This field is data science. In this course, we will meet some data science practitioners and we will get an overview of what data science is today.\n\nLIMITED TIME OFFER: Subscription is only $39 USD per month for access to graded materials and a certificate.","id":"r0GnHOZaEees-Q6jQMxlrg","slug":"what-is-datascience","instructorIds":["28512151","28511560"],"specializations":[],"partnerIds":["348"],"name":"What is Data Science? "}