{"courseType":"v2.ondemand","description":"In this course, we give an in-depth study of the TCP/IP protocols. We examine the details of how IP enables communications across a collection of networks. We pay particular attention to the hierarchical structure of IP addresses and explain their role in ensuring scalability of the Internet. The role of address prefixes and the uses of masks are explained in details. We review in details about TCP three-way handshake, flow control, and congestion control. Furthermore, we provide an introduction to some advanced topics, including Multicast, SDN and security","id":"KfuykmTsEeeqbxLIz9M6nA","slug":"tcp-ip-advanced","instructorIds":["26632591"],"specializations":[],"partnerIds":["126"],"name":"TCP/IP and Advanced Topics"}