{"courseType":"v2.ondemand","description":"Gamification is the application of game elements and digital game design techniques to non-game problems, such as business and social impact challenges. This course will teach you the mechanisms of gamification, why it has such tremendous potential, and how to use it effectively. For additional information on the concepts described in the course, you can purchase Professor Werbach's book For the Win: How Game Thinking Can Revolutionize Your Business in print or ebook format in several languages.","id":"69Bku0KoEeWZtA4u62x6lQ","slug":"gamification","instructorIds":["226710"],"specializations":[],"partnerIds":["6"],"name":"Gamification"}