{"courseType":"v2.ondemand","description":"Partez à la découverte de l'infiniment petit, en compagnie de physiciens et de physiciennes qui vont vous faire découvrir les secrets de la matière quand on l'étudie aux distances les plus courtes, aux énergies les plus élevées. Vous vous initierez aux progrès les plus récents de la recherche en physique nucléaire et de la physique des particules, et vous découvrirez les principes des accélérateurs et des détecteurs avec lesquels on a pu étudier la matière à ces échelles, pour arriver jusqu'à la découverte du boson de Higgs en 2012 auprès du collisionneur de particules du CERN, le LHC.\n\nCe cours en français fait partie du MOOC \"Voyages de l'infiniment grand à l'infiniment petit\", conçus par des physiciens et des physiciennes du Labex P2IO (Physique des 2 Infinis et des Origines) regroupant des laboratoires de physique de l'infiniment grand et de l'infiniment petit situés à Orsay et Saclay. Les différents parcours de ce MOOC vous montreront les connaissances et les énigmes de l'infiniment grand et de l'infiniment petit, les relations que ces deux infinis entretiennent, et les liens de ces découvertes avec la société :\n\nhttps://www.coursera.org/learn/physique-2-infinis-infiniment-petit\nhttps://www.coursera.org/learn/physique-2-infinis-infiniment-grand\nhttps://www.coursera.org/learn/physique-2-infinis-liens\nhttps://www.coursera.org/learn/physique-2-infinis-et-nous\n\nLe MOOC \"Voyages de l'infiniment grand à l'infiniment petit\" a été conçu avec le soutien financier du Labex P2IO (Physique des 2 Infinis et des Origines) présenté sur www.labex-p2io.fr","id":"Kz4g-m1cEeeWCg71xNIlJg","slug":"physique-infiniment-petit","instructorIds":["27668776","27705906","30337318","31096883"],"specializations":[],"partnerIds":["66"],"name":"Vers l'infiniment petit - Voyages de l'infiniment grand à l'infiniment petit"}