{"courseType":"v2.ondemand","description":"In this course you will engage in a series of challenges designed to increase your own happiness and build more productive habits. As preparation for these tasks, Professor Laurie Santos reveals misconceptions about happiness, annoying features of the mind that lead us to think the way we do, and the research that can help us change. You will ultimately be prepared to successfully incorporate a specific wellness activity into your life.","id":"rUHfSakHEeeQ3gpuC4Fs_g","slug":"the-science-of-well-being","instructorIds":["31021001"],"specializations":[],"partnerIds":["109"],"name":"The Science of Well-Being"}