{"courseType":"v2.ondemand","description":"In this course we aim to provide you with an insight into how recent societal and technological developments have changed the work of professionals in a variety of professional domains and how this in turn affects professionalism. The course highlights core themes, discusses main insights and theories, raises questions and presents cases, and links insights to practical challenges in various professional domains. It provides a state of the art assessment of professionalism in transition, by looking back and looking forward. It supports target audiences in dealing with professional services and professionals.  \n\nThe programme has an interdisciplinary approach and will focus on different levels:\nAt macro level the course presents a historical and sociological view on past and future changes in professions, focused on: \n•\thow do professional fields develop?\n•\thow is professionalism promoted and encouraged among professionals?\n•\thow do professional fields control and empower their members?\n\nAt meso level the course presents an organisational view on changes within professional partnerships and institutions, focused on the following questions:\n•\thow do norms and routines affect professionals and professional work?\n•\thow do professionals organise and lead professional work?\n\nAt micro level a psychological perspective on changing work and a changing work environment of professionals is presented. This part focuses on the following questions:\n•\thow do professionals deal with work pressure and remain motivated?\n•\twhich competencies do professionals require to be able and capable to deliver?\n\nWe invite you to join us and increase your understanding of the topics addressed in this course through lectures, interviews, animations, readings and peer interaction.","id":"0jk2ODDsEeiGpQoF2nM0eA","slug":"professionalism-in-an-era-of-change","instructorIds":["26840344"],"specializations":[],"partnerIds":["270"],"name":"Professionalism in an era of change"}