{"courseType":"v2.ondemand","description":"This course is for users who want to learn how to write SAS programs to access, explore, prepare, and analyze data. It is the entry point to learning SAS programming for data science, machine learning, and artificial intelligence. It is a prerequisite to many other SAS courses.\n\nBy the end of this course, you will know how to use SAS Studio to write and submit SAS programs that access SAS, Microsoft Excel, and text data. You will know how to explore and validate data, prepare data by subsetting rows and computing new columns, analyze and report on data, export data and results to other formats, use SQL in SAS to query and join tables.\n\nPrerequisites:\nLearners should have experience using computer software. Specifically, you should be able to understand file structures and system commands on your operating systems and access data files on your operating systems. No prior SAS experience is needed.","id":"Tx7bH4XkEeiLtQ4wBPSBfA","slug":"sas-programming-basics","instructorIds":["35624752"],"specializations":[],"partnerIds":["520"],"name":"Getting Started with SAS Programming"}