{"courseType":"v2.ondemand","description":"This course will transition you from working on a single computer to an entire fleet. Systems administration is the field of IT that’s responsible for maintaining reliable computers systems in a multi-user environment. In this course, you’ll learn about the infrastructure services that keep all organizations, big and small, up and running. We’ll deep dive on cloud so that you’ll understand everything from typical cloud infrastructure setups to how to manage cloud resources. You'll also learn how to manage and configure servers and how to use industry tools to manage computers, user information, and user productivity. Finally, you’ll learn how to recover your organization’s IT infrastructure in the event of a disaster.\n\nBy the end of this course you’ll be able to:\n● utilize best practices for choosing hardware, vendors, and services for your organization.\n● understand how the most common infrastructure services that keep an organization\nrunning work, and how to manage infrastructure servers.\n● understand how to make the most of the cloud for your organization.\n● manage an organization’s computers and users using the directory services, Active\nDirectory, and OpenLDAP.\n● choose and manage the tools that your organization will use.\n● backup your organization’s data and know how to recover your IT infrastructure in the case of\na disaster.\n● utilize systems administration knowledge to plan and improve processes for IT environments.","id":"hBmmv1drEeerkQ5vdwUqtA","slug":"system-administration-it-infrastructure-services","instructorIds":["25180479"],"specializations":[],"partnerIds":["463"],"name":" System Administration and IT Infrastructure Services"}