{"courseType":"v2.ondemand","description":"Apresentaremos o TensorFlow de baixo nível e trabalharemos com os conceitos e APIs necessários para gravar modelos de aprendizado de máquina distribuídos. Levando em consideração os modelos do TensorFlow, explicaremos como fazer o escalonamento horizontal do treinamento desse modelo e oferecer previsões de alto desempenho com o Cloud Machine Learning Engine.\n\nObjetivos do curso:\nCriar modelos de aprendizado de máquina no TensorFlow\nUsar as bibliotecas do TensorFlow para solucionar problemas numéricos\nResolver problemas e lidar com dificuldades comuns do código do TensorFlow\nUsar o tf_estimator para criar, treinar e avaliar modelos de aprendizado de máquina\nTreinar, implantar e produzir modelos de aprendizado de máquina em escala com o Cloud ML Engine","id":"4IaPepXJEeir-RIKs5gHUA","slug":"intro-tensorflow-br","instructorIds":["22997770"],"specializations":[],"partnerIds":["443"],"name":"Intro to TensorFlow em Português Brasileiro"}