{"courseType":"v2.ondemand","description":"Рынки капитала и финансовые институты – вокруг нас. Это огромная отрасль, в которой действуют могущественные игроки, часто бросающие вызовы инвесторам и широкой публике и подвергающие их серьезным рискам. \nКурс позволяет в нескучной форме познакомиться с основами современного рынка капитала, проанализировать его фундаментальные проблемы, осознать глубинные интересы участников рынка, понять истинное значение финансовых терминов и сигналов.\n\nСлушатели будут лучше понимать финансовые новости, не будут поддаваться на радужные обещания финансистов и опасные авантюры, станут более защищенными от рыночных угроз, получат возможность использовать приобретенные знания и навыки для успешного профессионального и карьерного роста как в области финансов, так и в других видах деятельности и в обычной жизни.","id":"pDX5iINYEealyAq9mBiU-w","slug":"rynki-kapitala-finansovyye-instituty","instructorIds":["17533334"],"specializations":[],"partnerIds":["176","440"],"name":"Рынки капитала и финансовые институты или \"О чужих деньгах\""}