{"courseType":"v2.ondemand","description":"追溯日本文明发展的历史，阐明日本人独特的思考模式，解析日本独特的审美意识。本课程讲授公元前3世纪至清末的中日文化交流的历史。以文化艺术的交流为主线，以实地考察为背景展示了中日两国丰富灿烂的交流史实。通过中日双方在吸收对方文化过程中所表现出来的不同的受容方式剖析了中日文化之不同特性，可以帮助受课者准确地把握日本文化的内质，并启发其对自我民族历史文化之思考。生动的图片，倾心的讲授，可以让学习者在轻松愉快的氛围中完成六章的学习和有趣的试题，以期丰富学习者的人文积淀。","id":"IPob__yUEea_xArNhnfrng","slug":"zhongri-jiaoliushi","instructorIds":["24703845"],"specializations":[],"partnerIds":["163"],"name":"中日文化交流史"}