{"courseType":"v2.ondemand","description":"The Foundations of Teaching for Learning programme is for anyone who is teaching, or who would like to teach, in any subject and any context - be it at school, at home or in the workplace. With dynamic lessons taught by established and respected professionals from across the Commonwealth, this eight course programme will see you develop and strengthen your skills in teaching, professionalism, assessment, and more. As you carry on through the programme, you will find yourself strengthening not only your skills, but your connection with colleagues across the globe. A professional development opportunity not to be missed. \n\nPositive relationships with students supports children's learning. Positive relationships with colleagues and school leaders helps school improvement.  This course helps teachers develop strong relationships with families and colleagues.\n\nEnhance your course by joining the Commonwealth teaching community on our website, Facebook and Twitter.","id":"2mShqDVyEeW6RApRXdjJPw","slug":"teacher-relationships","instructorIds":["5654261","3678310","3366373"],"specializations":[],"partnerIds":["106"],"name":"Foundations of Teaching for Learning: Developing Relationships"}