{"courseType":"v2.ondemand","description":"How tall is a modern wind turbine and how can it possibly generate power from the wind? This course gives an overview of key aspects in wind energy engineering. Whether you are looking for general insight in this green technology or your ambition is to pursue a career in wind energy engineering, 'Wind Energy' is an excellent starting point. \n\nExperts located in the wind pioneering country of Denmark will take you on a tour through the most fundamental disciplines of wind energy research such as wind measurements and resource assessment, aerodynamics, wind turbine technology, structural mechanics, materials, financial and electrical systems. \n\nYou will gain a rational understanding of wind energy engineering and, through hands-on exercises, you will learn to perform wind energy calculations based on simple models. Working with the different course disciplines will give you a taste of what wind energy engineering is all about. This allows you to identify the most interesting or relevant aspects of wind energy engineering to be pursued in your future studies or in your professional career.\n\nView our video: https://youtu.be/he4UWTGHxrY","id":"7O843CBJEeWcQw5YiljpGw","slug":"wind-energy","instructorIds":["3931196","14874677","15138227","15145491","15401162","15383423","15814231","15810974","15935741","15924047","15920933","15922791","15928067","15920508","14885414"],"specializations":[],"partnerIds":["57"],"name":"Wind Energy"}