{"courseType":"v2.ondemand","description":"Learners discover how apply to research methods to their study of Positive Psychology. In this course, we study with Dr. Angela Duckworth and Dr. Claire Robertson-Kraft. Through an exploration their work \"True Grit\" and interviews with researchers and practitioners, you develop a research hypothesis and learn how to understand the difference between internal and external validity. You also begin to understand and apply the strengths and weaknesses associated with different types of measurements and evaluation designs. You then interpret the results in an empirical study. Suggested prerequisites: Positive Psychology: Martin E. P. Seligman’s Visionary Science and Positive Psychology: Applications and Interventions.","id":"oEqrMXqhEear9RKoJLO5Cw","slug":"positive-psychology-methods","instructorIds":["22264801","22265022"],"specializations":[],"partnerIds":["6"],"name":"Positive Psychology: Character, Grit and Research Methods"}