{"courseType":"v2.ondemand","description":"Covering the tools and techniques of both multivariate and geographical analysis, this course provides hands-on experience visualizing data that represents multiple variables. This course will use statistical techniques and software to develop and analyze geographical knowledge.","id":"dgVe7vcFEee5QAoaLNzYmg","slug":"multivariate-geographical-analysis","instructorIds":["29726256","33034272"],"specializations":[],"partnerIds":["287"],"name":"Multivariate and Geographical Data Analysis"}