{"courseType":"v2.ondemand","description":"This course is aimed at everyone with an interest in entrepreneurship and innovation. This includes graduate and undergraduate students, current, past, and future entrepreneurs, managers of innovative firms, or managers in charge of leading innovation in their company. There is no formal prerequisite for this course. \n\nThroughout the course you’ll be exposed to an in-depth analysis of four applied case studies of successful ventures, as well as both theoretical and applied frameworks that will help you to better design and manage your organization. To begin, we recommend you take a few minutes to explore our website. Click on Course Content on the left to see what material we’ll cover in each of the four modules. You can also preview the assignments you’ll need to complete to pass the course. Click Discussions to see the forums where you can discuss the course material with fellow students taking the class. Be sure to introduce yourself to everyone in the Meet and Greet forum!\n\nThis course should take you about 4 weeks to complete. By the time you finish it, you’ll have learned to:\n\n•Evaluate the value-creating potential of your business idea and design the business model that is best suited to capture this value\n• Manage talent and creativity by structuring the right incentives for existing employees as well as design strategies to retain and attract the very best talent\n• Design formal organization structures that fit with the strategy of your business and the culture of your organization\n• Understand and manage norms guiding behavior in organizations\n• Recognize and manage bottlenecks hampering organizational growth\n\nWe really hope that you’ll enjoy the learning journey ahead. Good luck as you get started and we look forward to seeing you in class!\n\nProfs. Giada Di Stefano and Tomasz Obloj and HEC Paris Digital Learning\n\nThis course is part of the HEC Paris MSc in Innovation and Entrepreneurship. If you are admitted to the full program, your coursework will count towards your degree program.","id":"nM26_CAgEeeIYhLE7kr1cg","slug":"organizational-design-management","instructorIds":["6549906","22614364"],"specializations":[],"partnerIds":["161"],"name":"Organizational Design and Management"}