{"courseType":"v2.ondemand","description":"Have you wondered what exactly AWS is and why is it important?  Do you want to make informed design decisions about which services to use? Do you want to gain expertise to leverage the cloud for your own projects?\nIn this course, you will learn to interface with the AWS cloud. You will then develop software to send data to and receive data from the cloud. Along the way, you’ll learn how to structure your project with a variety of these difference services.\n\nLearning Goals: \nAfter completing this course, you will be able to:\n\n1) Understand what the cloud is and how it works.\n2) Install and configure the AWS CLI and SDK on a Linux system.\n3) Use various AWS services such as EC2, IoT, and many more.\n4) Build projects that heavily leverage the cloud.\n5) Integrate the cloud into embedded systems.","id":"XD-TddyuEeeWJRKNrJVcVg","slug":"internet-of-things-cloud-services-version2","instructorIds":["12279078","12280323"],"specializations":[],"partnerIds":["53"],"name":"Internet of Things V2: Setting up and Using Cloud Services"}