{"courseType":"v2.capstone","description":"This course will guide you through the final project for the Developing Your Musicianship Specialization. This course will continue to help you apply the musical concepts you learned throughout the specialization, enabling you to create and perform a 36-measure composition. Taught by Berklee College of Music professor George W. Russell, Jr., the course includes four videos in which George models each stage of the project. Through peer feedback and discussion, practice, and applying what you’ve learned, this final project will hone your skills as a musician.","id":"IjzcekeSEeaL3g5tgt_P6Q","slug":"musicianship-final-project","instructorIds":["6124304"],"specializations":[],"partnerIds":["21"],"name":"Developing Your Musicianship: Final Project"}