{"courseType":"v2.ondemand","description":"This course is an introduction to how to use relational databases in business analysis.  You will learn how relational databases work, and how to use entity-relationship diagrams to display the structure of the data held within them.  This knowledge will help you understand how data needs to be collected in business contexts, and help you identify features you want to consider if you are involved in implementing new data collection efforts.  You will also learn how to execute the most useful query and table aggregation statements for business analysts, and practice using them with real databases. No more waiting 48 hours for someone else in the company to provide data to you – you will be able to get the data by yourself!\n\nBy the end of this course, you will have a clear understanding of how relational databases work, and have a portfolio of queries you can show potential employers. Businesses are collecting increasing amounts of information with the hope that data will yield novel insights into how to improve businesses. Analysts that understand how to access this data – this means you! – will have a strong competitive advantage in this data-smitten business world.","id":"GplkvRnqEeW9dA4X94-nLQ","slug":"analytics-mysql","instructorIds":["13723820","12388058"],"specializations":[],"partnerIds":["7"],"name":"Managing Big Data with MySQL"}