{"courseType":"v2.ondemand","description":"In this course, you will explore advanced topics in financial accounting. You will start your journey with accounting for assets with more than one-year life. You will learn in detail how firms account for fixed assets. You will then move to financing of assets and discuss accounting for liabilities. The course will continue with an in-depth exploration of shareholders’ equity. Finally, you will critically evaluate preparation, components, and analysis of cash flows statement. \n\nUpon successful completion of this course, you will be able to:\n•\tAccount for fixed assets\n•\tUnderstand accounting for liabilities\n•\tEvaluate shareholders’ equity section of a balance sheet\n•\tUnderstand preparation and information provided by cash flows statement\n\nThis course is part of the iMBA offered by the University of Illinois, a flexible, fully-accredited online MBA at an incredibly competitive price. For more information, please see the Resource page in this course and onlinemba.illinois.edu.","id":"KinX8iwGEeaA3A6P4rV07Q","slug":"financial-accounting-advanced","instructorIds":["19198012"],"specializations":[],"partnerIds":["17"],"name":"Financial Accounting: Advanced Topics"}