{"courseType":"v2.ondemand","description":"Do you want to communicate with English speakers fluently? Welcome to our course. The course consists of 6 units with different topics: meeting new people, the people in your life, eating in and eating out, the reason to learn English, good times and bad times, and hobbies. From this course, you will have a good knowledge of conversational English skills in your daily life. We invite you to learn with our teachers and friends from different countries in the videos, such as the United States, the United Kingdom, Ireland, Canada, Australia, and Columbia.  Are you ready? Let’s go!","id":"55597PK7EeinOArCJTdfMg","slug":"conversational-english-skills","instructorIds":["6937061","41459758"],"specializations":[],"partnerIds":["528"],"name":"Conversational English Skills"}