{"courseType":"v2.ondemand","description":"Este curso forma parte de una secuencia con la que se propone un acercamiento a la Matemática Preuniversitaria que prepara para la Matemática Universitaria.\nEn él se asocia un significado real con el contenido matemático que se aprende y se integran tecnologías digitales en el proceso de aprendizaje. \nSe propone la reinterpretación de los contenidos matemáticos relativos a Modelos con Radicales y Exponentes en términos de nociones y procesos del Cálculo Diferencial. Esto servirá como puente para el desarrollo de un pensamiento matemático avanzado con el que se trabajará en la Matemática Universitaria. El período de acreditación para la materia Introducción a las Matemáticas ha concluido. La última fecha para recibir certificados de Coursera es 24 de julio 2017. Informaremos oportunamente cuando la opción de acreditación esté disponible de nuevo. \n\nCurso con crédito académico para alumnos admitidos y aspirantes a ingresar a su primer semestre de un programa de profesional en el Tecnológico de Monterrey. Si estás inscrito en este MOOC con el fin de obtener el crédito académico para el curso de Introducción a las matemáticas (Matemáticas Remedial), confirma tu interés en la acreditación a la cuenta: mooc@servicios.itesm.mx. Consulta las preguntas frecuentes para conocer el proceso de acreditación.","id":"xaYbkyBTEeWibgoGfGzczQ","slug":"calculo-4","instructorIds":["2672777"],"specializations":[],"partnerIds":["62"],"name":"4.- El Cálculo - Otros Modelos"}