{"courseType":"v2.ondemand","description":"Aprenda com uma das maiores startups do Brasil, a Taqtile sobre com criar a melhor experiência para o seu usuário, formas de gerar ideias, princípios básicos de design e como desenvolver interfaces de aplicativos e sites, esse curso introdutório é composto de aulas teóricas com exemplos práticos de aplicação de cada assunto abordado. \n\nNeste curso serão abordados os seguintes temas:\nComo conhecer o seu usuário\nUsabilidade e Prototipação rápida\nArquitetura de informação e wireframe\nPrincípios de design\nAcessibilidade e multi plataforma\nElementos de interface do usuário\nLinguagem da empresa, lidando com o cliente e copyright\nMonitoração, Mensuração e Teste \n\nAo final desse curso, esperamos que você esteja familiarizado com os principais conceitos, ferramentas e metodologias de criação de interfaces e experiência de usuário. \n\nNão deixe de ver as perguntas frequentes antes de se inscrever\n\nConheça os nossos outros cursos:\n- Criação de Startups: Como desenvolver negócios inovadores\n       https://www.coursera.org/learn/criacao-startups  \n- Consolidando empresas: Estrutura jurídica e financeira\n       https://www.coursera.org/learn/consolidando-empresas\n- Marketing Digital\n       https://www.coursera.org/learn/estrategia-marketing-digital \n- Inove na gestão de equipes e negócios: o crescimento da empresa\n       https://www.coursera.org/learn/gestao-equipes-negocios \n- Marketing e vendas B2B: fechando novos negócios\n       https://www.coursera.org/learn/marketing-vendas-b2b","id":"_pVIj63IEeeApxJ8N9WHcA","slug":"ux-ui-design-de-interface","instructorIds":["1171111","388326"],"specializations":[],"partnerIds":["221"],"name":"UX / UI: Fundamentos para o design de interface"}