{"courseType":"v2.ondemand","description":"Любой растущей компании могут потребоваться инвестиции для финансирования дальнейшего роста. Для решения этой задачи в условиях нарастания неустойчивости деловой среды Вам понадобится понимание механизмов работы венчурной индустрии. Курс входит в специализацию “Корпоративные финансы и стоимость компании”, включающую 5 связанных курсов и заключительный прикладной проект “Мастерство создания стоимости компании”.\n\nЭтот курс позволит вам узнать:\n- как финансируется бизнес на этапе роста, \n- почему появились и как работают венчурные фонды и фонды прямых инвестиций,\n- кого они хотят видеть в качестве объекта инвестирования,\n- как готовить заявку на инвестиции и как она рассматривается фондом,\n- как фонд и компания сотрудничают в увеличении стоимости бизнеса,\n- когда и как осуществляется капитализация этой стоимости путем выхода венчурного инвестора из компании.\n\nДля освоения курса Вам потребуются знания финансовой отчетности, оценки стоимости и эффективности инвестиционных проектов, оптимизации структуры источников финансирования, которые предлагаются в курсах 1-3 специализации и уметь работать с Excel.\n\nВ ходе курса Вас ждут интересные лекции и увлекательные задания.\nКаждое из 4-х занятий предполагает оценочные тесты и заключительное экзаменационное задание.","id":"__zdPoeqEeWQhRJp8aTWZQ","slug":"venchurnyj-kapital","instructorIds":["16219699"],"specializations":[],"partnerIds":["160"],"name":"Венчурный капитал"}