{"courseType":"v2.ondemand","description":"In this course, participants will develop an understanding of the intuitive foundations of asset and investment valuation, and how alternative valuation techniques may be used in practice. This is part of a Specialization in corporate finance created in partnership between the University of Melbourne and Bank of New York Mellon (BNY Mellon). \n\nView the MOOC promotional video here: http://tinyurl.com/h75pzt6","id":"l-VzSGYDEeWq4RLQvtY_lQ","slug":"valuation","instructorIds":["11799990","11282268"],"specializations":[],"partnerIds":["33"],"name":"Alternative Approaches to Valuation and Investment"}