{"courseType":"v2.ondemand","description":"Do you need to write more easily and effectively in English? This course will provide the tools to help you do just that. You will develop your personal voice in your writing. You will develop strategies to plan and produce clear, understandable text. You will learn and practice specific writing skills to use in different types of business communications including cover letters, mission and vision statements, proposals , instructions and reports. You will organize, design and write clear text for Power Point Productions. Writing skills include how to choose correct noun and noun modifiers; how to choose correct verb forms and tenses; how to write a variety of clauses and sentences.\n\nAs you work through the course, you will complete self- and peer-evaluations. Many of the peer assignments will have 2 or more options so that you can choose the best path depending on your current situation. Through a combination of lectures, quizzes, supplementary resources, practice and performance, you’ll gain the skills and confidence to write well in English for your business and professional purposes.","id":"sTnBxiGIEeapkBKJ0Y_FqQ","slug":"business-writing-english","instructorIds":["15785348"],"specializations":[],"partnerIds":["9"],"name":"Better Business Writing in English"}