{"courseType":"v2.ondemand","description":"Todos negociamos diariamente. A nivel personal, negociamos con amigos, familia, propietarios, vendedores de autos y empleadores, entre otros. La negociación también es la clave del éxito comercial. Ninguna empresa puede sobrevivir sin contratos rentables. Dentro de una empresa, las habilidades de negociación lo pueden llevar a avanzar en su carrera. \n\nEn este curso, aprenderá y practicará los cuatro pasos necesarios para lograr una negociación exitosa, con un módulo para cada paso: \n(1) Preparación: Planifique su estrategia de negociación \n(2) Negociación: Use las tácticas claves para el éxito \n(3) Cierre: Cree un contrato \n(4) Cumplimiento y evaluación: El juego final \n\nPara completar exitosamente este curso y mejorar su capacidad de negociar, deberá completar los tres pasos siguientes: \n(1) Mire los videos breves (que van de 5 a 20 minutos) de cada módulo. Los videos son interactivos e incluyen preguntas para evaluar su entendimiento de las estrategias y habilidades de negociación. Los videos se pueden acelerar o ralentizar para adaptarse al ritmo que prefiera escucharlos. Según sus horarios, puede ver los videos en unas semanas o verlos todos juntos. Un estudiante que vio el curso de una sola vez concluyó que \"es tan bueno como Breaking Bad\". \n(2) Complete la negociación del Módulo 6 para evaluar sus capacidad de negociación. Puede negociar con un amigo local o usar los Debates para encontrar un socio de otra parte del mundo. Su socio de negociación le brindará una devolución sobre sus capacidad de negociación. En el camino, puede resultarle útil utilizar esta aplicación móvil gratuita que está relacionada con el curso y contiene varias herramientas de planificación de la negociación. http://negotiationplanner.com/ \n(3) Tome el examen final. Para completar el curso exitosamente, debe responder correctamente el 80 % de las preguntas. Este examen es un examen de dominio, lo que significa que puede tomarlo las veces que quiera hasta que domine el material. \n\nAdemás, este curso incluye la opción de obtener un Certificado verificado (CV) a través de la verificación de su identidad y la finalización exitosa del curso. Un CV le proporciona un reconocimiento formal de sus logros en el curso e incluye el logo de la Universidad de Michigan. \n\nSi usted está considerando obtener un CV, debe completar el proceso de verificación antes de tomar el examen final. Puede elegir pagar los cargos asociados antes o después del examen. Para obtener más información acerca de los CV, visite: learner.coursera.help/hc/en-us/articles/201212399-Verified-Certificates \n\nEl logo compuesto del curso se comparte con una licencia Creative Commons CC BY-SA (https://creativecommons.org/licenses/by-sa/2.0/) y fue creado con las imágenes proporcionadas por cortesía de Flazingo Photos (http://bit.ly/1zOylRm) y K2 Space (https://www.flickr.com/photos/k2space/14257556613/in/set-72157644732478432).\n\nThis is a translated version. To join the original English version, visit this page: https://www.coursera.org/learn/negotiation-skills/","id":"DUIbAwrmEeWhsgqB1eduww","slug":"negociacion","instructorIds":["3822163"],"specializations":[],"partnerIds":["3"],"name":"Negociación exitosa: Estrategias y habilidades esenciales (en español)"}