{"courseType":"v2.ondemand","description":"Aprenda os conceitos e abordagens básicos necessários para compreender, criar e executar música contemporânea.\n\nSe você é apaixonado por música e tem curiosidade de como ela funciona, ou se é um músico que aprendeu a tocar de ouvido, sem um estudo formal, esse curso lhe oferecerá uma introdução envolvente de conceitos e abordagens chave para compreender, criar e executar música contemporânea. Ministrado pelo professor George W. Russell Jr. do Berklee College of Music, o curso inclui seis lições que exploram harmonia e o treino de ouvido - duas áreas de foco intensivo para todo aluno iniciante na Berklee. \n\nO curso lhe ensinará a as escalas pentatônicas maiores e menores e como elas são construídas. Você aprenderá quais são os intervalos, como cantá-los e como encontrá-los na música. O curso explora o tom central e como encontrar qual o tom de uma música, além de divisões de compasso comuns como 4/4 e 3/4. Você aprenderá a construir acordes - tríades maiores e menores, e acordes maiores e com sétima dominante - e como construir uma progressão de acordes comum - o I IV V. Você também aprenderá a reconhecer os formatos de música blues e AABA e a escrever uma sequência de acordes básica para expressar suas ideias musicais. \n\nAlém das aulas em vídeo, cada aula envolve apresentações e entrevistas com alunos da Berklee. Os alunos compartilham suas jornadas musicais e oferecem orientações para aqueles que querem estudar música. O ponto alto do curso é uma tarefa que solicita que você componha e execute um riff de melodia em blues usando a escala pentatônica menor. Acima de tudo, o curso foi pensado para compartilhar o prazer de criar música e compartilhá-la com os outros.","id":"K0CLlm15Eeem_Q73lEzyLA","slug":"desenvolvendo-musicalidade","instructorIds":["6124304"],"specializations":[],"partnerIds":["21"],"name":"Desenvolvendo sua musicalidade"}