{"courseType":"v2.ondemand","description":"Ces quelques leçons de mécanique lagrangienne font partie d'un cours de formation de base en mécanique Newtonienne présenté sous la forme d'un MOOC en quatre parties : \n\n1. Lois de Newton\nhttps://www.coursera.org/learn/mecanique-newton\n\n2. Mécanique du point matériel\nhttps://www.coursera.org/learn/mecanique-point-materiel\n\n3. Mécanique du Solide Indéformable\nhttps://www.coursera.org/learn/mecanique-solide\n\n4. Mécanique Lagrangienne\n\nLe formalisme de Lagrange permet une résolution efficace de problèmes complexes de mécanique. Il permet aussi d'apporter un éclairage plus fondamental sur les lois de conservation (théorème de Noether). A titre d'illustration de la méthode de Lagrange, on traitera le problème très important des oscillateurs harmoniques couplés, exprimé comme un problème de valeurs propres et de vecteurs propres. On termine avec un formalisme permettant d'analyser les  résonances paramétriques, notion illustrée par l'expérience montrant la stabilité d'un pendule inversé forcé.","id":"5Ek-BHjkEeWfrQ7ngHMGEQ","slug":"mecanique-lagrangienne","instructorIds":["2489806"],"specializations":[],"partnerIds":["16"],"name":"Mécanique Lagrangienne"}