{"courseType":"v2.ondemand","description":"This is the third course in the Teach English: Intermediate Grammar specialization. It will be useful to ESL teachers or those interested in learning to teach English language, but it is not an introduction to teaching course. You will learn about some specific problems students have learning intermediate grammar. You will learn why students have trouble with this tricky grammar and find out new ways to help students conquer it. You will also learn a variety of activities for teaching this content in a fun and interesting way. Finally, you will have opportunities to practice the skills you learn by creating sample assignments and recording short videos of your teaching demonstrations using a video camera, webcam, or smartphone. Learners wanting a grade will be required to submit short videos of their teaching skills.\n\nOnly learners who pay for the course will be able to take the graded quizzes or submit assignments for feedback. The free version provides access to the lectures and practice activities only.","id":"3Rm7wSxHEeanqw4SNWFJ8Q","slug":"teaching-common-grammar-mistakes","instructorIds":["13484864","15414512","13960609"],"specializations":[],"partnerIds":["30"],"name":"Teaching Tips for Tricky English Grammar"}