{"courseType":"v2.ondemand","description":"No matter the professional level, we can all benefit from learning how to succeed in our careers. Whether a well-seasoned professional, a management trainee, or a service level employee, this course will help you enrich your career by honing your professional behavior and networking. \n\nThrough industry expert support and resources, this course is designed to prepare you for success in any chosen career. You will develop the habits and attitudes you need to perform effectively in the job market. You will identify a mentor to add value to your career.  You will analyze your relationships and develop a practical approach for engaging your LinkedIn network. You will differentiate between networking and networking with intention. You will also discover the most effective ways to ask for help from your peer or professional group. Finally, you will evaluate the best methods of adjusting your career path at various stages of life.","id":"Akz7SBbAEeaXaw7Yj6TwHQ","slug":"career-advancement","instructorIds":["16485256","4256136","19182476","19182609"],"specializations":[],"partnerIds":["123"],"name":"Successful Career Development"}