{"courseType":"v2.ondemand","description":"Teams are essential to the modern organization, but most never reach their potential. Co-workers miscommunicate, and groups struggle to adapt to changes in the market or their organizations. When teams lack self-awareness about these challenges, performance suffers. Based on years of team culture research and consulting experience, this course helps you understand the problems that hurt productivity, and gives you tools for creating positive change. This course also guides you through creating the ground rules and structure needed to set your team up for success. \n\nYou gain the skills to diagnose issues such as conflicts, groupthink and lack of commitment in your team before they get out of control. The course offers frameworks to adjust team behaviors and get the best performance out of your people. You also understand frequent stumbling blocks for common team types, such as startups and virtual teams, and learn solutions tailored to each one.","id":"Kdf551i6Eeaw3QoEHqdPHw","slug":"high-performing-teams","instructorIds":["8147732","11465210"],"specializations":[],"partnerIds":["6"],"name":"Building High-Performing Teams"}