{"courseType":"v2.ondemand","description":"En el curso matemáticas financieras se explica la relación que tiene el dinero y su valor a través del tiempo. Se abordan los temas de interés simple, interés compuesto, anualidades, perpetuidades, amortizaciones, valor presente y valor futuro, todos ellos elementos básicos que el administrador financiero deberá aplicar en los análisis de opciones de inversión o financiamiento.","id":"SV_hEA5YEeaX4g6xdats6w","slug":"matematicas","instructorIds":["11118284"],"specializations":[],"partnerIds":["58"],"name":"Matemáticas financieras"}