{"courseType":"v2.ondemand","description":"*** Quer ganhar até US$ 180 em créditos para o Qwiklabs? Participe do DESAFIO DE CONCLUSÃO DA ESPECIALIZAÇÃO hoje mesmo (confira os detalhes abaixo). ***\n \n Este curso on-line prepara os alunos para criar soluções altamente confiáveis e eficientes no Google Cloud Platform usando padrões de design e princípios consagrados e derivados do Google Site Reliability Engineering (SRE). O curso é uma continuação da especialização Architecting with Google Cloud Platform e presume que os participantes já têm experiência prática com as tecnologias abordadas nos outros cursos da especialização.\n Com apresentações, desafios e laboratórios práticos, os participantes aprendem a criar implantações do GCP altamente confiáveis e seguras, além de operá-las com disponibilidade alta e muita economia.\n \n Neste curso, os participantes aprenderão a:\n ● criar um design voltado para alta disponibilidade, escalabilidade e capacidade de manutenção;\n ● avaliar as vantagens e desvantagens dos produtos do Google Cloud Platform para fazer escolhas bem fundamentadas;\n ● integrar recursos no local e na nuvem;\n ● identificar maneiras de otimizar recursos e minimizar custos;\n ● implementar processos que minimizam o tempo de inatividade, como monitoramento e alarmes, testes de integração e unidade, testes de resiliência de produção e análise post-mortem de incidentes;\n ● implementar políticas que minimizam riscos à segurança, como auditoria, separação de responsabilidades e privilégio mínimo;\n ● implementar tecnologias e processos que garantam a continuidade dos negócios no caso de um desastre.\n \n Pré-requisitos\n ● Conclusão dos cursos anteriores que integram a especialização Architecting with Google Cloud Platform ou experiência equivalente\n ● Proficiência básica em ferramentas de linha de comando e ambientes de sistema operacional Linux\n ● Experiência em operações de sistemas, como implantação e gerenciamento de aplicativos, seja no local ou em ambiente de nuvem pública","id":"NFxSUaWMEeidiRKo7opZig","slug":"cloud-infrastructure-design-process-br","instructorIds":["22997770"],"specializations":[],"partnerIds":["443"],"name":"Reliable Cloud Infrastructure: Design and Process em Português Brasileiro"}