{"courseType":"v2.ondemand","description":"Уже долгое время со всех сторон звучат слова \"блокчейн\" и \"криптовалюта\". \nГоворят, что блокчейн — прорыв и за ним будущее. Но что стоит за этим понятием, какую пользу приносит блокчейн обществу, бизнесу и человеку? В этом мы и поможем вам разобраться.\n\n\nВ курсе «Введение в технологию блокчейн» вы узнаете: \n1. Что такое блокчейн, сферы применения, механизм и принципы работы.\n2. Как создаются криптовалюты при помощи блокчейна.\n3. Что такое централизованные и децентрализованные системы, их преимущества и недостатки.\n4. Как и где можно использовать блокчейн и криптовалюты, и почему это безопасно.\n5. В чём сходства и отличия наиболее популярных блокчейн-платформ: Bitcoin и Ethereum.\n6. Сферы применения блокчейна Ethereum в жизни.\n\nВ конце курса вам предстоит спроектировать сценарий использования блокчейна в бизнесе. Это будет ваш курсовой проект, в котором вы сможете применить все полученные в курсе знания.","id":"mhnvrGAZEeiz8hKJohuFcg","slug":"introduction-to-blockchain","instructorIds":["34097499"],"specializations":[],"partnerIds":["176","515"],"name":"Введение в технологию блокчейн"}