{"courseType":"v2.capstone","description":"The capstone is a strategic leadership and management plan where you’ll apply what you will learn to an actual business situation with participation by one or more focal companies. The deliverable will be designed to create value from the perspective of potential employers while achieving pedagogical and experiential goals for learners.\n\nThis course is part of the iMBA offered by the University of Illinois, a flexible, fully-accredited online MBA at an incredibly competitive price. For more information, please see the Resource page in this course and onlinemba.illinois.edu.","id":"jq3NGKJ7EeWM5RIHOLu8Dw","slug":"strategic-leadership-capstone","instructorIds":["16532853"],"specializations":[],"partnerIds":["17"],"name":"Strategic Leadership and Management Capstone"}