{"courseType":"v2.ondemand","description":"Do you want to be more successful? This course was designed to help you define what success means to you, and to develop a plan for achieving it. Wharton Professor G. Richard Shell, an award-winning author and the creator of the popular Wharton School course on the meaning of success, created this course to help you answer the questions that arise when you consider how best to use your life. Drawing on his decades of research and mentoring, Shell offers personalized assessments to help you probe your past, imagine your future, and measure your strengths. He then combines these with the latest scientific insights on everything from self-confidence and happiness to relationships and careers. Throughout, he shares inspiring examples of people who found what they were meant to do by embracing their own true measure of success. Get ready for the journey of a lifetime—one that will help you reevaluate your future and envision success on your own terms. Students and executives say that Richard Shell’s courses and executive training programs have changed their lives. Let this course change yours.","id":"GNtVE1J0EeaAmBJfqzpttQ","slug":"wharton-succcess","instructorIds":["11666630"],"specializations":[],"partnerIds":["6"],"name":"Success"}