{"courseType":"v2.ondemand","description":"This course will highlight the construction and interpretation of the U.S. Constitution through the centuries. You'll learn the history behind the Constitution, cases that formed important precedent, and how changes in interpretation have been dependent on shifts in cultural and political climate as well as the composition of the Supreme Court.\n\nWe'll start with an overview of the Constitution where we'll consider questions such as \"Why the Constitution?\" and \"What function does the Constitution serve?\" Next we'll examine how the Constitution and its subsequent interpretation established the powers of the federal, legislative, and judicial branches of government and allocated powers to the states.\n\nJoin me as we look at the questions both raised and answered by the Constitution and those that interpret it!\n\nBy the end of this course, you should be able to:\n\n- Describe how the structure of the United States government has been shaped by both the text of the Constitution and by subsequent interpretation and practice of political actors in all branches of government\n\n- Illustrate compromises found in the Constitution by citing examples and historic background\n\n- Articulate the importance of key cases such as Marbury v. Madison, McCullough v. Maryland, and Lochner v. New York\n\n- Explain how the outcome of cases is often dependent upon the current cultural and political climate as well as the composition of the court by citing particular cases and important shifts in the court's jurisprudence\n\n- Assess the relative suitability of various approaches to constitutional interpretation and analysis","id":"YXDFz6KXEeWM5RIHOLu8Dw","slug":"chemerinsky-on-constitutional-law-structure-of-government","instructorIds":["18597416"],"specializations":[],"partnerIds":["30"],"name":"Chemerinsky on Constitutional Law - The Structure of Government"}