{"courseType":"v2.ondemand","description":"Science and Technology in the Silla Heritage\n\nThe course explores the scientific and technological aspects of the cultural heritage of Silla, an ancient dynasty in Korea, and its relationship with other ancient civilizations in the world. The lecture series will cover major cultural heritage of Silla: Bulguksa, Seokguram, Cheomseongdae, Poseokjeong, the Sacred Bell of Great King Seongdeok, and metallurgy.\n\nModern development in science and technology occurred mostly in the West. But during ancient times,various developments were madein science and technology in many countries outside of the West. In that sense, this series of lectures aims to obtain better understanding of the development in science and technology in the Silla dynasty through scientific and technological analysis of Silla cultural properties.","id":"gm1pZLUyEeeZVQpMa2BAOg","slug":"silla-science-technology","instructorIds":["33107508","32902434","32901886","32909637"],"specializations":[],"partnerIds":["430"],"name":"Science and Technology in the Silla Cultural Heritage"}