{"courseType":"v2.ondemand","description":"The concepts and use of project management tools, techniques and methodologies are becoming all pervasive. This course addresses project management in the context of IT projects, including software projects. Using the framework of project life cycle, the course covers various aspects pertaining to (i) project initiation, (ii) project planning and scheduling, (iii) project monitoring and control, and (iv) project termination. For planning and scheduling of projects, the use of project network and estimation of time and cost are covered in detail.  Scheduling of projects with resource limitations is covered next.\n\nRisk assessment methods including simulation and risk reduction approaches are also be covered. The students will be required to use the software @risk to simulate project completion times. The use of Earned Value Analysis for Project Monitoring and Control is emphasized. For Software Project Management, the Waterfall Model and Agile Project Management are covered in detail.","id":"w_suTyKnEeauCw5n3ibpNQ","slug":"it-project-management","instructorIds":["20439403"],"specializations":[],"partnerIds":["215"],"name":"IT Project Management"}