{"courseType":"v2.ondemand","description":"Agile embraces change which means that team should be able to effectively make changes to the system as team learns about users and market.  To be good at effectively making changes to the system, teams need to have engineering rigor and excellence else embracing change becomes very painful and expensive.  \n\nIn this course we will learn about engineering practices and processes that agile team uses to make sure the team is setup for change.\n\nIn additional to this, we will also learn about practices, techniques and processes that can help team build high quality software\n\nAt the end of this course, you will be able to comfortably and effectively participate in various techniques and processes for building secure and high quality software.","id":"S3Hq7-PtEeaH9Q51wS-wDA","slug":"engineering-practices-secure-software-quality","instructorIds":["22895573"],"specializations":[],"partnerIds":["50"],"name":"Engineering Practices for Building Quality Software"}