{"courseType":"v2.ondemand","description":"Маркетинг – система ведения производственно-коммерческой деятельности предприятия с ориентацией на рынок, главными элементами которой являются 1) потребитель, 2) конкуренты. В курсе рассмотрены аспекты маркетинга как предприятий, работающих с потребителями товаров широкого потребления (В2С рынки), так и предприятий, клиентами которых являются другие предприятия (В2В рынки). Структура курса включает в себя изучение аспектов поведения потребителей на В2С и В2В рынках, методов маркетинговых исследований потребителей и конкурентов, управления маркетингом и оценки его эффективности. В разработке курса приняли участие компании «CML - Центр компьютерного инжиниринга СПбПУ», 3М, SWED-MOBIL, DDC.Lab, Media Price. В заданиях были использованы данные компании Mediascope, материалы маркетингового клуба КЛУМБА|ПОЛИТЕХ.\n\nЦель курса \nСформировать у слушателей представление о маркетинге как о рыночном подходе к управлению предприятием, на практических примерах показать его суть. \n\nРезультаты обучения и формируемые компетенции\nВ результате обучения слушатели будут знать и уметь применять методы маркетинговых исследований потребителей и конкурентов, понимать аспекты поведения потребителей на В2С и В2В рынках, владеть методами управления маркетингом и оценки его эффективности.","id":"_9Re1ZenEee7dg7Ex4vIdA","slug":"marketing-printsipy","instructorIds":["30378745"],"specializations":[],"partnerIds":["313"],"name":"Маркетинг. Часть 1. Основные категории, принципы и подходы"}