{"courseType":"v2.ondemand","description":"Dieser einwöchige On-Demand-Schnellkurs baut auf dem Kurs \"Google Cloud Platform Big Data and Machine Learning Fundamentals\" auf. Mit einem Mix aus Lernvideos, Demos und praxisorientierten Labs lernen Sie, wie Sie mit Google Cloud Pub/Sub und Dataflow Streamingdaten-Pipelines erstellen und die gewonnenen Erkenntnisse für Entscheidungen in Echtzeit nutzen können. Sie lernen auch, Dashboards zu erstellen, die gezielt für verschiedene Stakeholder-Gruppen Informationen abbilden.\n\nVoraussetzungen:\n• Abgeschlossener Kurs \"Google Cloud Platform Big Data and Machine Learning Fundamentals\" (oder gleichwertige Kenntnisse)\n• Kenntnisse in Java\n\nLernziele:\n• Anwendungsmöglichkeiten für Echtzeit-Streaminganalysen kennenlernen\n• Den asynchronen Messaging-Dienst Google Cloud Pub/Sub zur Verwaltung von Datenereignissen verwenden\n• Streaming-Pipelines schreiben und Transformationen ausführen, falls nötig\n• Die Streaming-Pipeline von beiden Seiten kennenlernen: Produktion und Nutzung\n• Dataflow, BigQuery und Cloud Pub/Sub für Echtzeit-Streaming und -Analysen einsetzen","id":"ogqLhaZOEei7SwoHnjp4jA","slug":"building-resilient-streaming-systems-gcp-de","instructorIds":["22997770"],"specializations":[],"partnerIds":["443"],"name":"Building Resilient Streaming Systems on Google Cloud Platform auf Deutsch"}