{"courseType":"v2.ondemand","description":"Este curso apresenta os principais conceitos do controle de sistemas e mostra suas vantagens e importância para a sociedade moderna. Você vai entender o que é o controle de sistemas e como o controle com realimentação funciona, e passará a perceber a sua presença em diversas situações em seu dia-a-dia, na natureza, no corpo humano e em diversos dispositivos, desde os mais simples até os mais complexos.\n\nVocê vai perceber a necessidade de modelos teóricos para a análise e o projeto do controle de sistemas e aprenderá como verificar se um sistema atende a determinados requisitos de desempenho. Você também aprenderá como projetar um controle simples de modo a obter o melhor desempenho possível de um sistema de controle. Este é apenas o primeiro passo em direção a um vasto campo do conhecimento e lhe dará a base e a segurança necessárias para avançar em seus estudos no maravilhoso mundo do controle de sistemas.","id":"2prtDtPREeWh-hLKMaYc3w","slug":"controle","instructorIds":["13268751","1983568"],"specializations":[],"partnerIds":["252"],"name":"Introdução ao Controle de Sistemas"}