{"courseType":"v2.ondemand","description":"Este es el primer curso en una línea de especialización de Coursera que trata el desarrollo de aplicaciones Web. Este curso le dará los conocimienots básicos, la terminología y los conceptos fundamentales que son necesarios para construir aplicaciones web integradas modernas. Un desarrollador de aplicaciones web integradas está familiarizado con cada \"capa\" de las tecnologías de software que participan en una aplicación web, incluidas las tecnologías de modelado de datos y bases de datos, los componentes del entorno de servidor web y middleware, protocolos de red, la interfaz de usuario y diseño visual básicos, y los conceptos de interacción del usuario.\n\nEn este curso vamos a aprender practicando. Vamos a empezar por el aprendizaje de los principales componentes de las arquitecturas de aplicaciones web, junto con los patrones de diseño fundamentales y filosofías que se utilizan para organizarlos. El alumno construirá y perfeccionará continuamente una aplicación web integrada totalmente funcional a medida que avanzamos a través de los módulos de este curso. En el camino el alumno levará a cabo prácticas ágiles de desarrollo de softwar, numerosas herramientas que los ingenieros de software deben sabe cómo utilizar, y un marco de desarrollo de aplicaciones web integradas modernas.","id":"u93dzIMGEeWMKBKa9I4u8Q","slug":"aplicaciones-web","instructorIds":["3506150","15808745"],"specializations":[],"partnerIds":["120"],"name":"Desarrollo de Aplicaciones Web: Conceptos Básicos"}