{"courseType":"v2.ondemand","description":"Are you a business executive or a manager who uses English in your career? Then you know that good business communication in English requires focus, vocabulary, and specific linguistic structures. In this course, you will follow along a recently promoted manager as she builds and leads her team to success. Together, you will practice the language and styles of communication  needed in English for: \n•\tRecruiting and training a professional team to work together with integrity and respect\n•\tManaging and participating in well-organized meetings\n•\tMaking telephone conferences more efficient\n•\tWriting professional emails that are easy to read\nThe activities in this course will give you the opportunity to share your experience and receive immediate feedback from other business professionals around the world.\n\n¿Es usted un ejecutivo de negocios o gerente que utiliza inglés en su profesión? Entonces Ud. sabe que la buena comunicación empresarial en inglés exige los enfoques, el vocabulario y las estructuras lingüísticas específicas. En este curso, Ud. seguirá, a lo largo con un gerente recién promovido, como ella construye y conduce a su equipo hacia el éxito. Juntos, ustedes practicarán el lenguaje y los estilos de comunicación en inglés necesarios para:\n·       Reclutar y el entrenar a un equipo profesional a trabajar juntos con integridad y respeto\n·       Manejar y participar en las reuniones bien organizadas\n·       Hacer que las conferencias telefónicas sean más eficaz\n·       Escribir correos electrónicos profesionales que sean fáciles de leer\nLas actividades en este curso le dan la oportunidad de compartir su experiencia y recibir retroalimentación inmediata de otros profesionales empresariales en todo el mundo.","id":"koVAwj03EeWZtA4u62x6lQ","slug":"ingles-empresarial-gestion-liderazgo","instructorIds":["13730176","14184517","13774774"],"specializations":[],"partnerIds":["287"],"name":"Inglés Empresarial: Gestión y Liderazgo "}