{"courseType":"v2.ondemand","description":"Le cours permet d'apprendre les bases de la planification urbaine à travers ses dimensions techniques, environnementales, sociales, économiques et symboliques.\n\nLe cours parle uniquement des villes africaines et même si celles-ci ont valeurs d'exemple pour les ville du Sud, voire toutes les villes, nous nous efforçons à remettre les problématiques dans un contexte africain.","id":"gw4zh2MfEeWckg7qTYxfmw","slug":"villes-africaines-1","instructorIds":["3959836"],"specializations":[],"partnerIds":["16"],"name":"Villes africaines I: Introduction à la planification urbaine"}