{"courseType":"v2.ondemand","description":"¡Hola!\n \n¡Bienvenidos a Diseño de videojuegos: una introducción! El diseño de videojuegos es el arte de aplicar conceptos de diseño para crear la interacción entre jugadores. Es un ejercicio mental que requiere varios conocimientos en diferentes campos y la habilidad de comunicar qué es lo que se quiere lograr.\n \nEste curso hace parte del Programa desarrollo y diseño de videojuegos, de la Universidad de lo Andes, Colombia. En este ambiente de aprendizaje los estudiantes aprenderán las bases del diseño de videojuegos, aplicarán éstas al diseño de juegos de acción y de plataformas en 2D y prepararán una especificación funcional en un documento de 10 puntos y no más de 10 páginas. Al final deben presentar un prototipo funcional en Unity del juego.\n \nSe recomienda que los participantes hayan visto el curso de \"Desarrollo de videojuegos en Unity: una Introducción\", pues para el desarrollo de los prototipos deberán tener conocimientos de programación en este motor de desarrollo de ambientes lúdicos y bajo control del usuario.\n\nTen en cuenta que este curso ha sido diseñado como el segundo de cinco cursos que hacen parte del programa especializado en Desarrollo y Diseño de Videojuegos. Puedes tomar todos los cursos por separado o sólo uno de ellos, sin embargo te recomendamos que te inscribas y participes en los cinco, ojalá en el orden que te proponemos, de manera que llegues al último curso denominado \"Desarrollo y Diseño de Videojuegos: proyecto final\" preparado para aplicar los conocimientos adquiridos en los cursos anteriores. \n\nPara inscribirte únicamente a este curso debes ir a la página del mismo: https://www.coursera.org/learn/diseno-videojuegos-intro/home/welcome. Haz click en el botón azul de la izquierda \"Enroll now\" o \"Inscribirse ahora\", donde podrás elegir si deseas tomar el curso pagando por la certificación con una suscripción mensual o anual, en cuyo caso debes hacer unas evaluaciones adicionales obligatorias y cumplir con los otros requisitos de certificación; o si deseas auditarlo, es decir acceder al contenido sin pagar por el certificado o suscripción.","id":"S-PcviUAEeW5pgpJEN0S6w","slug":"diseno-videojuegos-intro","instructorIds":["4703308"],"specializations":[],"partnerIds":["273"],"name":"Diseño de Videojuegos: Una introducción"}