{"courseType":"v2.ondemand","description":"Курс «Цифровые технологии в международных финансах» разработан для изучения, рассмотрения и анализа трансформации международных финансов и их ключевых элементов (мирового финансового рынка, международных платежных систем, инвестиционных операций, банковской деятельности и пр.) под влиянием цифровых технологий. Представленный курс является чрезвычайно актуальным, поскольку особое внимание уделяется анализу новейших глобальных тенденций в сфере развития международной финансовой системы в условиях цифровизации.","id":"NdFyW0SiEemIxQpe77E7PA","slug":"cifrovye-tekhnologii-v-mezhdunarodnyh-finansah","instructorIds":["37088216"],"specializations":[],"partnerIds":["312"],"name":"Цифровые технологии в международных финансах"}