{"courseType":"v2.ondemand","description":"人最宝贵的是生命，而在生命历程中充满着安全威胁与挑战。本课程以“珍爱生命、关注安全”为主线，期望通过该课程教学，努力增强学生在体育运动及野外活动中的安全防范意识，提高自我保护能力，掌握生存、自救和互救的基本技能，学会常见运动创伤的处置方法以及危险环境中的避险、自救和互助技能，具备应对突发事件的基本能力。","id":"192QixZOEeWKlgqs7LdhRw","slug":"sheng-ming-an-quan-ji-jiu","instructorIds":["11330774"],"specializations":[],"partnerIds":["150"],"name":"生命安全与救援Life Safety and Rescue"}