{"courseType":"v2.ondemand","description":"本课程是北京大学开设的一门在线跨学科选修课程，主要面向信息技术、社会学和经济学等专业的本科生。课程内容涉及用计算思维的方法讨论社会学和经济学的一些经典问题。学习运用计算思维分析社会学、经济学问题的方法，加深对某些生活现象的理解，体会计算与社会科学的互动。\nLearn to analyze and reason about problems in social sciences with computational thinking, appreciate interactions between computing and social sciences, as well as gain deeper understanding of some common phenomena in life and society","id":"awHMl_57EeSmPCIACyqGBw","slug":"renqun-wangluo","instructorIds":["2363791","4517421","2794735"],"specializations":[],"partnerIds":["163"],"name":"人群与网络 "}