{"courseType":"v2.ondemand","description":"The world is facing unprecedented humanitarian needs. Today’s humanitarian crisis tend to be greater in number, often in urban settings, longer in duration and broader in regional impact. They generate human sufferings on a greater scale, disrupt essential services, such as water supply or sanitation and put health of large population at risk. Engineers and technical specialists in water, sanitation, energy, environment, and in other related fields play a vital role to respond to these challenges and growing needs. In the humanitarian sector, they are called the public health engineers and today they are increasingly needed! Why public health engineering matters so much in humanitarian crises? And how its related activities are carrying out in such complex environment? This is what this MOOC is all about!\n\nThe EPFL, EAWAG-SANDEC and ICRC have decided to partner to guide you through this introduction to the fascinating field of public health engineering in humanitarian contexts.","id":"2cxEVCqMEeehpAoOJWlweA","slug":"engineering-humanitarian","instructorIds":["9206274","29579933"],"specializations":[],"partnerIds":["16"],"name":"Introduction to Public Health Engineering in Humanitarian Contexts"}