{"courseType":"v2.ondemand","description":"En este curso se retoman los temas vistos en cursos anteriores. Se complementan con aspectos prácticos como la forma de implementar mapas en tus proyectos con el API de Google Maps. También, muestra cómo aprovechar el multitask de Android y hacer animaciones en 2D  para llevar tus aplicaciones a más dispositivos como weareables, televisiones y autos.\n\nDespués de este curso, podrás subir tu aplicación a Google Play Store y hacerte visible para el mundo entero.","id":"92ijl7WhEeW-xg611XxSbw","slug":"aplicaciones-android","instructorIds":["14422666"],"specializations":[],"partnerIds":["58"],"name":"Desarrollo de aplicaciones avanzadas con Android"}