{"courseType":"v2.ondemand","description":"This course “FinTech Disruptive Innovation: Implications for Society” help you understand how disruptive innovations create opportunity in finance industry and its impact to society especially your career. You would be able to examine and analyse how FinTech innovations would affect companies that relates to FinTech services and how it might affect your career in finance.\n\nYou will learn about how peer to peer lending disrupt finance industry in different countries, the diversity of impact by FinTech in the comparison of East vs West, Big firms vs Small firms, and different generations etc., how to predict FinTech trends in different markets, and finally what you should do to pursue your career and secure your position in FinTech industry.","id":"WFanvtoSEeedbRLwgi9a7A","slug":"fintech-disruption","instructorIds":["20086586"],"specializations":[],"partnerIds":["35"],"name":"FinTech Disruptive Innovation: Implications for Society"}