{"courseType":"v2.ondemand","description":"Introduction to Cloud Identity serves as the starting place for any new Cloud Identity, Identity/Access Management/Mobile Device Management admins as they begin their journey of managing and establishing security and access management best practices for their organization.  This 15-30 hour accelerated, one-week course will leave you feeling confident to utilize the basic functions of the Admin Console to manage users, control access to services, configure common security settings, and much more.\n\nThrough a series of introductory lessons, step-by-step hands-on exercises, Google knowledge resources, and knowledge checks, learners can expect to leave this training with all of the skills they need to get started as new Cloud Identity Administrators.\n\nLearning Objectives\n\nBy the end of this course participants will be able to:\n• Establish a Cloud Identity domain for their organization or personal domain. \n• Add users in order to practice user lifecycle management.\n• Modify user permissions to gain an understanding of core Cloud Identity features.\n• Add mobile devices within the Google Mobile Management module.\n• Modify mobile management policy sets to gain familiarity with product options.\n• Navigate the Reports module, and practice running reports.\n• Explore and apply different security protocols to the domain.\n\n\nPrerequisites\n\nTo get the most out of this training course, learners should be prepared to: \n• Sign up for a free 14 day trial of Cloud Identity.  You will need to enter payment method information.  We will show you step-by-step how to cancel your account if you wish to end your Cloud Identity instance at the end of training and avoid being charged.\n• Use an existing domain or purchase a new domain through (if you do not have an existing domain, we will walk you through purchasing a domain through Google).","id":"QjpvECu5EeiXigpZZkAEUg","slug":"cloud-identity","instructorIds":["22997770"],"specializations":[],"partnerIds":["443"],"name":"Introduction to Cloud Identity"}