{"courseType":"v2.ondemand","description":"A blank canvas is full of possibility. If you have an idea for a user experience, how do you turn it into a beautiful and effective user interface?  This covers covers principles of visual design so that you can effectively organize and present information with your interfaces. You'll learn concrete strategies to create user interfaces, including key lessons in typography, information architecture, layout, color, and more. You’ll learn particular issues that arise in new device contexts, such as mobile and responsive interfaces. You will learn how to apply these design principles in a modern context of increasingly diverse form factors - from tablets, to walls, to watches.","id":"afay6xVFEeWfzgpfp_iBVw","slug":"infodesign","instructorIds":["1250"],"specializations":[],"partnerIds":["53"],"name":"Information Design"}