{"courseType":"v2.ondemand","description":"This one-week, accelerated online class equips students to containerize workloads in Docker containers, deploy them to Kubernetes clusters provided by Google Kubernetes Engine, and scale those workloads to handle increased traffic.  Students also learn how to continuously deploy new code in a Kubernetes cluster to provide application updates.\n\nAt the end of the course, you will be able to:\n• Understand container basics\n• Containerize an existing application\n• Understand Kubernetes concepts and principles\n• Deploy applications to Kubernetes using the CLI\n• Set up a continuous delivery pipeline using Jenkins\n• Locate more documentation and training.\n\nTo get the most of out of this course, learners should have basic proficiency with command-line tools and Linux operating system environments, as well as Web server technologies such as Nginx. We also recommend systems operations experience, including deploying and managing applications, either on-premises or in a public cloud environment.\n\n>>> By enrolling in this course you agree to the Qwiklabs Terms of Service as set out in the FAQ and located at: https://qwiklabs.com/terms_of_service <<<","id":"lAe6xrqUEeeJRwrm1qGMrA","slug":"google-kubernetes-engine","instructorIds":["22997770"],"specializations":[],"partnerIds":["443"],"name":"Getting Started with Google Kubernetes Engine"}