{"courseType":"v2.ondemand","description":"This course sensitizes regarding privacy and data protection in Big Data environments. You will discover privacy preserving methodologies, as well as data protection regulations and concepts in your Big Data system. By the end of the course, you will be ready to plan your next Big Data project successfully, ensuring that all privacy and data protection related issues are under control. You will look at decent-sized big data projects with privacy-skilled eyes, being able to recognize dangers. This will allow you to improve your systems to a grown and sustainable level. \n\nIf you are an ICT professional or someone who designs and manages systems in big data environments, this course is for you! Knowledge about Big Data and IT is advantageous, but if you are e.g. a product manager just touching the surface of Big Data and privacy, this course will suit you as well.","id":"9QkSLTXREemXORL4USiTDg","slug":"security-privacy-big-data-protection","instructorIds":["33235816","2311493"],"specializations":[],"partnerIds":["253"],"name":"Security and Privacy for Big Data - Part 2"}