{"courseType":"v2.ondemand","description":"Neste curso, assumimos que você já sabe projetar e desenvolver programas mais complexos em Java, com método e organização graças às boas práticas e princípios exercitados no curso anterior; mas você talvez não se sinta ainda confortável em projetar programas usando técnicas ágeis, como o desenvolvimento guiado por testes (TDD). \n\nO objetivo deste curso é expor você aos princípios e práticas de desenvolvimento guiado por testes, tanto para modelar quanto para desenvolver aplicações e componentes de software, sem abandonar os conceitos e princípios de orientação a objetos aprendidos no curso anterior. De fato, pregamos que tais conceitos e princípios fortalecem o emprego do TDD no desenvolvimento ágil de software com mais qualidade. Este curso terá um grande foco em atividades hands-on, permitindo a você captar todos os aspectos práticos da técnica e facilitar a sua aplicação quando estiver projetando e desenvolvendo software de maneira ágil nos próximos cursos.\n\nOs conceitos de desenvolvimento de software com Java apresentados neste curso incluem o seguinte: revisão de testes de unidade; automação de testes; desenvolvimento guiado por testes; ciclo do TDD; refatoração de código de produção; ciclo de refatoração; uso de objetos stubs e mocks; boas práticas no TDD; modelagem de software por meio do TDD.\n\nAo final deste curso, você terá amadurecido de tal modo suas habilidades de programação que será capaz de implementar, agora usando o TDD, versões modificadas e estendidas do componente de gamificação constante do Trabalho de Conclusão da Especialização, com base nas boas práticas exercitadas neste curso.","id":"eGUHRneUEeWtpg5GoAM5Iw","slug":"tdd-desenvolvimento-de-software-guiado-por-testes","instructorIds":["1330144","14963182"],"specializations":[],"partnerIds":["252"],"name":"TDD – Desenvolvimento de Software Guiado por Testes"}