{"courseType":"v2.ondemand","description":"This course highlights the importance and role of software product management. It also provides an overview of the specialization, as well as its goals, structure, and expectations. The course explains the value of process, requirements, planning, and monitoring in producing better software.","id":"DYv7azSfEeWgIQ7IEhB31Q","slug":"introduction-to-software-product-management","instructorIds":["14283726"],"specializations":[],"partnerIds":["146"],"name":"Introduction to Software Product Management"}