{"courseType":"v2.ondemand","description":"In this course, application developers learn how to design and develop cloud-native applications that seamlessly integrate components from the Google Cloud ecosystem. Through a combination of presentations, demos, and hands-on labs, participants learn how to create repeatable deployments by treating infrastructure as code, choose the appropriate application execution environment for an application, and monitor application performance. \n\nPrerequisites and prework\n\n• Completed Google Cloud Platform Fundamentals or have equivalent experience\n• Working knowledge of Node.js\n• Basic proficiency with command-line tools and Linux operating system environments\n• Previous course(s) in the specialization","id":"d26jecB3EeepZQrj6yeCug","slug":"app-deployment-debugging-performance","instructorIds":["22997770"],"specializations":[],"partnerIds":["443"],"name":"App Deployment, Debugging, and Performance"}