{"courseType":"v2.ondemand","description":"Este curso te dará ágil acceso a  las estructuras de datos principales del lenguaje de programación Python en su versión 3.0. \nUna vez que termines este curso tendrás un conocimiento general de Python, que te permitirá realizar programas que trabajen con muchos datos tomados desde archivos de la computadora. Aquí podrás conocer cómo utilizar las estructuras de datos integradas en Python, como las listas, los diccionarios y las tuplas. Además entenderás cómo trabajar con archivos y el manejo de excepciones. \n\nComo se trata del segundo curso dentro de un programa especializado, se requiere tener conocimientos de los conceptos básicos de programación y saber escribir y ejecutar scripts de Python.\nEste curso cubrirá las secciones 6-9 del libro de texto “El Tutorial de Python” de Guido Van Rossum, el creador de Python.","id":"GyuHoqfKEeiKWAotma1b7g","slug":"estructura-de-datos-python","instructorIds":["36375417"],"specializations":[],"partnerIds":["350"],"name":"Estructuras de datos en Python"}