{"courseType":"v2.ondemand","description":"Cada día es más importante hablar bien en público. \nLa mejor oratoria es la que permite al orador conseguir los objetivos que se había planteado. Contrariamente a la creencia común, la necesidad de una buena oratoria no es exclusiva de ciertos grupos profesionales, sino que todas las personas deberían superar el miedo escénico y hablar bien en público. ¿El motivo? Poder trasladar de manera eficiente el mensaje deseado, ya sea para fines laborales (exponer proyectos laborales, convencer ante foros, asambleas o parlamentos, comunicar mejor con clientes, aumentar el grado de persuasión), como personales (exponer proyectos personales, mejorar la comunicación con las personas). \nEl orador se hace, no nace. \nEn este curso adquirirás recursos para hablar bien y conseguir, a través de la palabra, los objetivos planteados. Te invitamos a descubrirlo con nosotros.","id":"G-vdZPxdEeegShL0o4I5-A","slug":"hablar-bien-en-publico","instructorIds":["32130549"],"specializations":[],"partnerIds":["80"],"name":"Cómo hablar bien en público"}