{"courseType":"v2.ondemand","description":"《真格北大创业课》是真格基金与北京大学国家发展研究院首次联合开发的中文“慕课”（MOOC, Massive Open Online Course，大型公开在线课程)。课程以创业为主题，共分为三个部分：创业前的准备工作，创业中的要点，以及融资、众筹的技巧等。此课程的目的是让所有有创业意愿的或者刚刚起步的创业者更好地了解现在中国创业行业的氛围，以及创业初期不得不知的干货。每节课都凝结了真格基金业内专家和北京大学资深教授的丰富知识，也包括多位成功创业者的实践经验。完成本课程之时，你将能够为自己绝妙的创意找到切实可行的商业模式，组建能力出色行动高效的团队，撰写专业具体可执行的策划书。在课程的最后，我们希望所有的学员可以完成一份完整的商业计划书，把自己的创业想法有效地表达出来。成功完成慕课的学生会得到由Coursera提供的真格基金与北京大学联合认证的付费认证书，并且其商业计划书会得到真格基金的认真考虑。\n\n课程特点：\n•\t真格基金与北京大学国家发展研究院联合开发的首部中文“慕课”\n•\t徐小平、王强领衔，多位来自国内知名机构的专家和成功创业公司的创始人亲授\n•\t北京大学国家发展研究院BiMBA商学院张黎院长、杨壮院长对创业者倾力指导\n\n•\t专注于创业的在线课程\n•\t注重实践，最鲜活的案例教学\n•\t充分利用碎片化时间学习，每节课15分钟以内，每周仅需1-2个小时学习时间\n•\t无需相关教育或工作背景，对所有人开放\n \n参与本课程，您将收获：\n•\t12位知名公益专家亲自设计的教学内容、资料\n•\t加入讨论区，与业内专家、资深教授和同行互动的机会\n•\t对中国创业大环境的进一步了解\n•\t为自己绝妙的创意找到切实可行的商业模式\n\n•\t组建能力出色行动高效的团队\n•\t撰写专业具体可执行的策划书\n•\t您在课程结束时提交的商业计划书将得到真格基金的认真考虑\n\n除此之外，完成课程的同学可以获得由课程平台提供方Coursera颁发的付费认证证书（电子版）。获得认证证书要求同学们总体得分超过80%，并需向Coursera支付$29美金的费用。您可以先免费注册课程，开始学习课程后再选择支付证书费用。","id":"H7QOTaItEeWm9xJA1YXcWQ","slug":"zhenge-beida-zaixian-chuangye","instructorIds":["16718408","16882127","16718433","16882131"],"specializations":[],"partnerIds":["163","340"],"name":"真格—北大在线创业课堂"}