{"courseType":"v2.ondemand","description":"Курс возводит слушателя от написания простых конкретных классов к профессиональному конструированию приложения в объектно-ориентированной парадигме. Паттерны проектирования позволяют шагнуть за пределы простого использования синтаксических конструкций языка. Вы научитесь писать красиво и элегантно, будете использовать проверенные временем концепции и создавать масштабируемые программы. Использование паттернов проектирования является признаком профессионализма программиста.\t\nКлассические книги по паттернам проектирования описывают их реализацию на C++, C#, Java. У языка Python есть своя специфика из-за которой он отлично подходит для использования паттернов проектирования.","id":"jnLavMk5EeeVPQ7WIasyYA","slug":"oop-patterns-python","instructorIds":["17262167","4044066","28246729"],"specializations":[],"partnerIds":["176","465","515"],"name":"ООП и паттерны проектирования в Python"}