{"courseType":"v2.ondemand","description":"One was Moses but many are his faces. Starting with the Hebrew Bible, continuing with Jewish literatures throughout history (Second Temple literature, rabbinic literature, medieval commentaries, modern literature, thought and art.) the character of Moses keeps changing and developing through the eyes of the beholder, it's time, tendency and the nature of the genre. The course will follow the different phases of Moses' character and try to understand what motives are behind them.\n\nאחד היה משה אך רבים פניו. החל בגופו של המקרא והמשך בספרות עם ישראל לדורותיו (ספרות הבית השני, ספרות חז\"ל, פרשני ימי הביניים ועוד) וכלה בספרות, באמנות ובהגות של העת החדשה - לובשת ופושטת דמות של משה צורות חדשות ומגוונות, על פי המתבונן, זמנו, מגמתו ואופי יצירתו. הקורס יעקב אחר גלגולי דמויותיו של משה [ביצירה שעד ראשית תקופת הגאונים] ויבקש להבין מה עומד מאחורי יצירתן.","id":"GAAyKa7zEeWu-gqgbeGTiQ","slug":"moses","instructorIds":["17159723","17235569"],"specializations":[],"partnerIds":["24"],"name":"Moses' Face: Moses' images as reflected in Jewish literature"}