{"courseType":"v2.ondemand","description":"تساعدك هذه الدورة التدريبية لتصبح مفاوضًا بمستوى أفضل.\nبخلاف الكثير من الدورات التدريبية في التفاوض، نضع إطار عمل لتحليل المفاوضات وتشكيلها.\nسيتيح لك إطار العمل الحالي تقديم حجج مرتكزة على مبادئ من شأنها إقناع الآخرين.\nحيث سيتيح لك الاطلاع على ما وراء النزاعات الظاهرة للكشف عن الاهتمامات الرئيسية.\nبعد انتهاء هذه الدورة التدريبية، ستصبح أكثر قدرةً على التنبؤ بسلوك الأشخاص الذين ستواجههم في مواقف تنافسية وتفسير سلوكياتهم وتشكيلها.\\n\\nفي هذه الدورة التدريبية، سيُتاح لك العديد من الفرص للتفاوض مع طلاب آخرين من خلال دراسات الحالة القائمة على المواقف الشائعة في العمل وفي الحياة.\nيمكنك الحصول على تقييم لأدائك، ومقارنة ما قمت به مع كيفية تناول الآخرين للسيناريو نفسه.\nتقدم دراسات الحالة أيضًا إطارًا لمناقشة مجموعة واسعة النطاق من الموضوعات التي تتضمن الاستعداد للتفاوض، وإصدار الإنذارات النهائية، وتجنب الشعور بالأسف، وتكبير الكعكة (توسيع نطاق التفاوض)، والتعامل مع شخص له رؤية مختلفة تمامًا حول العالم.\nتتضمن الموضوعات المتقدمة التفاوض عندما لا يكون لديك أي صلاحية، والتفاوض عبر البريد الإلكتروني، ودور اختلافات النوع الجنسي في التفاوض.\nوفي ختام الدورة التدريبية، سنحصل على رؤى من ثلاثة خبراء في التفاوض:\n\"ليندا بابكوك\"، و\"هيرب كوهين\"، و\"جون ماكول ماكبين\".\nاستمتع.","id":"NMqE4dbxEeimThLb1L5gBg","slug":"negotiation-ar","instructorIds":["473433"],"specializations":[],"partnerIds":["109"],"name":"مقدمة عن التفاوض: دليل استراتيجي لتصبح مُفاوضًا ذا مبادئ ومُقنعًا"}